Stock ID,Genotype,Bloomington Number,Full Genotype,Inserted into,5 prime,3 prime
1,0001 / TM6B,62569,w[1118]; PBac{w[+mC]=IT.GAL4}0001-G4,,Aptx,CG11626
2,0002 / TM6B,77509,"w[1118]; PBac{w[+mC]=IT.GAL4}sra[0002-G4]/TM6B, Tb[1]",sra,,
3,0003 / TM6B,62570,w[1118]; PBac{w[+mC]=IT.GAL4}MICU3[0003-G4],MICU3,,
4,0004 / TM6B,62571,w[1118]; PBac{w[+mC]=IT.GAL4}caps[0004-G4],caps,,
5,0005 / TM6B,62572,w[1118]; PBac{w[+mC]=IT.GAL4}sqd[0005-G4],sqd,,
6,0006 / TM6B,62573,w[1118]; PBac{w[+mC]=IT.GAL4}Tsp74F[0006-G4],Tsp74F,,
7,0007 / TM6B,62698,w[1118]; PBac{w[+mC]=IT.GAL4}Rgl[0007-G4],Rgl,,
8,0008 / TM6B,62574,w[1118]; PBac{w[+mC]=IT.GAL4}osa[0008-G4],osa,,
9,0009 / TM6B,,,,,
10,0010 / TM6B,64683,"w[1118]; PBac{w[+mC]=IT.GAL4}0010-G4/TM6B, Tb[1]",,lncRNA:CR45669,wat
11,0011 / TM6B,77510,"w[1118]; PBac{w[+mC]=IT.GAL4}Iqsec[0011-G4]/TM6B, Tb[1]",Iqsec,,
12,0012 / TM6B,62699,w[1118]; PBac{w[+mC]=IT.GAL4}0012-G4,,comm2,CG42571
13,0013 / TM6B,62575,w[1118]; PBac{w[+mC]=IT.GAL4}CG6678[0013-G4],CG6678,,
14,0014 / TM6B,62576,w[1118]; PBac{w[+mC]=IT.GAL4}0014-G4,,Khk,CG42674
15,0015 / TM6B,62577,"w[1118]; PBac{w[+mC]=IT.GAL4}Fas1[0015-G4]/TM6B, Tb[1]",Fas1,,
16,0016 / TM6B,62578,w[1118]; PBac{w[+mC]=IT.GAL4}hkb[0016-G4],,hkb,CG1090
17,0017 / TM6B,,,,,
18,0018 / TM6B,62579,w[1118]; PBac{w[+mC]=IT.GAL4}CG13293[0018-G4],CG13293,,
19,0019 / TM6B,62700,w[1118]; PBac{w[+mC]=IT.GAL4}0019-G4,,stg,CG45544
20,0020 / TM6B,77511,w[1118]; PBac{w[+mC]=IT.GAL4}0020-G4,,CG12516,larp
21,0021 / TM6B,62580,w[1118]; PBac{w[+mC]=IT.GAL4}0021-G4,,Tsp96F,SppL
22,0022 / TM6B,64684,w[1118]; PBac{w[+mC]=IT.GAL4}CG3919[0022-G4],CG3919,,
23,0023 / TM6B,77512,"w[1118]; PBac{w[+mC]=IT.GAL4}0023-G4/TM6B, Tb[1]",,Cp19,Cp16
24,0024 / TM6B,62581,w[1118]; PBac{w[+mC]=IT.GAL4}Toll-9[0024-G4],Toll-9,,
25,0025 / TM6B,,,,,
26,0026 / TM6B,,,,,
27,0027 / TM6B,62582,w[1118]; PBac{w[+mC]=IT.GAL4}GlcAT-P[0027-G4],GlcAT-P,,
28,0028 / TM6B,,,,,
29,0029 / TM6B,62583,"w[1118]; PBac{w[+mC]=IT.GAL4}kst[0029-G4]/TM6B, Tb[1]",kst,,
30,0030 / TM6B,77513,w[1118]; PBac{w[+mC]=IT.GAL4}0030-G4,,CG13699,hid
31,0031 / TM6B,62584,w[1118]; PBac{w[+mC]=IT.GAL4}0031-G4,,CG13699,hid
32,0032 / TM6B,62585,"w[1118]; PBac{w[+mC]=IT.GAL4}cv-c[0032-G4] asRNA:CR44176[0032-G4]/TM6B, Tb[1]",asRNA:CR44176,,
33,0033 / TM6B,62586,"w[1118]; PBac{w[+mC]=IT.GAL4}0033-G4/TM6B, Tb[1]",,hid,lncRNA:CR45234
34,0034 / TM6B,62587,w[1118]; PBac{w[+mC]=IT.GAL4}Irk1[0034-G4],Irk1,,
35,0035 / TM6B,62588,"w[1118]; PBac{w[+mC]=IT.GAL4}hth[0035-G4]/TM6B, Tb[1]",hth,,
36,0036 / TM6B,,,,,
37,0037 / TM6B,62589,w[1118]; PBac{w[+mC]=IT.GAL4}CG13658[0037-G4],CG13658,,
38,0038 / TM6B,,,,,
39,0039 / CyO,62590,w[1118]; PBac{w[+mC]=IT.GAL4}DIP-epsilon[0039-G4],DIP-epsilon,,
40,0040 / CyO,,,,,
41,0041 / CyO,62591,w[1118]; PBac{w[+mC]=IT.GAL4}mts[0041-G4]/CyO,mts,,
42,0042 / CyO,62592,w[1118]; PBac{w[+mC]=IT.GAL4}Not1[0042-G4] Nt5c[0042-G4],CG1814,,
43,0043 / CyO,62593,w[1118]; PBac{w[+mC]=IT.GAL4}dtr[0043-G4]/CyO,dtr,,
44,0044 / CyO,62594,w[1118]; PBac{w[+mC]=IT.GAL4}CG8388[0044-G4] CG8389[0044-G4],CG8388,,
45,0045 / CyO,77514,w[1118]; PBac{w[+mC]=IT.GAL4}tou[0045-G4],tou,,
46,0046 / CyO,62595,w[1118]; PBac{w[+mC]=IT.GAL4}0046-G4,,lncRNA:CR44767,lncRNA:CR44604
47,0047 / CyO,62596,w[1118]; PBac{w[+mC]=IT.GAL4}sli[0047-G4]/CyO,sli,,
48,0048 / CyO,62597,w[1118]; PBac{w[+mC]=IT.GAL4}CG5953[0048-G4],CG5953,,
49,0049 / CyO,62598,w[1118]; PBac{w[+mC]=IT.GAL4}nop5[0049-G4] x16[0049-G4]/CyO,nop5,,
50,0050 / CyO,62599,w[1118]; PBac{w[+mC]=IT.GAL4}PIG-X[0050-G4]/CyO,PIG-X,,
51,0051 / CyO,62600,w[1118]; PBac{w[+mC]=IT.GAL4}0051-G4/CyO,,lncRNA:CR44305,lncRNA:CR44312
52,0052 / CyO,,,,,
53,0053 / CyO,64685,w[1118]; PBac{w[+mC]=IT.GAL4}CG13784[0053-G4],CG13784,,
54,0054 / CyO,62601,w[1118]; PBac{w[+mC]=IT.GAL4}hoe1[0054-G4],hoe1,,
55,0055 / TM6B,62602,w[1118]; PBac{w[+mC]=IT.GAL4}0055-G4,,Tox4,CG18170
56,0056 / TM6B,62603,w[1118]; PBac{w[+mC]=IT.GAL4}Ae2[0056-G4],Ae2,,
57,0057 / TM6B,62604,"w[1118]; PBac{w[+mC]=IT.GAL4}Cchl[0057-G4]/TM6B, Tb[1]",Cchl,,
58,0058 / TM6B,62605,w[1118]; PBac{w[+mC]=IT.GAL4}lncRNA:CR45643[0058-G4],lncRNA:CR45643,,
59,0059 / TM6B,62606,w[1118]; PBac{w[+mC]=IT.GAL4}CG10979[0059-G4],CG10979,,
60,0060 / TM6B,62607,w[1118]; PBac{w[+mC]=IT.GAL4}bnl[0060-G4],bnl,,
61,0061 / TM6B,62608,w[1118]; PBac{w[+mC]=IT.GAL4}Baldspot[0061-G4],Baldspot,,
62,0062 / TM6B,62609,w[1118]; PBac{w[+mC]=IT.GAL4}qjt[0062-G4],qjt,,
63,0063 / TM6B,62610,w[1118]; PBac{w[+mC]=IT.GAL4}Gucy2d[0063-G4],Gucy2d,,
64,0064 / TM6B,62611,w[1118]; PBac{w[+mC]=IT.GAL4}Cog1[0064-G4],Cog1,,
65,0065 / TM6B,62612,w[1118]; PBac{w[+mC]=IT.GAL4}Egfrap[0065-G4],Egfrap,,
66,0066 / TM6B,62613,w[1118]; PBac{w[+mC]=IT.GAL4}CG31191[0066-G4],CG31191,,
67,0067 / TM6B,62614,w[1118]; PBac{w[+mC]=IT.GAL4}0067-G4,,tRNA:Ile-TAT-1-2,CG13898
68,0068 / TM6B,62615,w[1118]; PBac{w[+mC]=IT.GAL4}bmm[0068-G4],bmm,,
69,0069 / TM6B,62616,w[1118]; PBac{w[+mC]=IT.GAL4}0069-G4,,lncRNA:CR45404,Dyro
70,0070 / CyO,62617,w[1118]; PBac{w[+mC]=IT.GAL4}CG3294[0070-G4]/CyO,CG3294,,
71,0071 / TM6B,62701,w[1118]; PBac{w[+mC]=IT.GAL4}smash[0071-G4],smash,,
72,0072 / TM6B,62618,w[1118]; PBac{w[+mC]=IT.GAL4}SNF4Agamma[0072-G4],SNF4Agamma,,
73,0073 / TM6B,62619,"w[1118]; PBac{w[+mC]=IT.GAL4}Pcyt1[0073-G4]/TM6B, Tb[1]",Pcyt1,,
74,0074 / TM6B,62620,w[1118]; PBac{w[+mC]=IT.GAL4}Rh7[0074-G4],Rh7,,
75,0075 / CyO,62621,w[1118]; PBac{w[+mC]=IT.GAL4}0075-G4,,lncRNA:acal,psq
76,0076 / TM6B,62622,"w[1118]; PBac{w[+mC]=IT.GAL4}CSN5[0076-G4]/TM6B, Tb[1]",CSN5,,
77,0077 / CyO,62623,w[1118]; PBac{w[+mC]=IT.GAL4}CG15172[0077-G4],CG15172,,
78,0078 / TM6B,62624,w[1118]; PBac{w[+mC]=IT.GAL4}CG31145[0078-G4],CG31145,,
79,0079 / CyO,62625,w[1118]; PBac{w[+mC]=IT.GAL4}mthl3[0079-G4],mthl3,,
80,0080 / TM6B,62702,w[1118]; PBac{w[+mC]=IT.GAL4}0080-G4,,nyo,lncRNA:CR46120
81,0081 / TM6B,62703,w[1118]; PBac{w[+mC]=IT.GAL4}CG13895[0081-G4],CG13895,,
82,0082 / TM6B,62626,"w[1118]; PBac{w[+mC]=IT.GAL4}Pxn[0082-G4] CG16986[0082-G4]/TM6B, Tb[1]",CG16986,,
83,0083 / TM6B,64686,w[1118]; PBac{w[+mC]=IT.GAL4}0083-G4,,lncRNA:CR46113,heca
84,0084 / CyO,62627,w[1118]; PBac{w[+mC]=IT.GAL4}Top2[0084-G4],Top2,,
85,0085 / TM6B,62628,w[1118]; PBac{w[+mC]=IT.GAL4}CG1927[0085-G4],CG1927,,
86,0086 / TM6B,62629,"w[1118]; PBac{w[+mC]=IT.GAL4}CG14712[0086-G4]/TM6B, Tb[1]",CG14712,,
87,0087 / TM6B,62630,w[1118]; PBac{w[+mC]=IT.GAL4}GlcAT-P[0087-G4],GlcAT-P,,
88,0088 / TM6B,64687,"w[1118]; PBac{w[+mC]=IT.GAL4}CG6006[0088-G4]/TM6B, Tb[1]",CG6006,,
89,0089 / CyO,62631,w[1118]; PBac{w[+mC]=IT.GAL4}CG12384[0089-G4],CG12384,,
90,0090 / TM6B,62632,w[1118]; PBac{w[+mC]=IT.GAL4}0090-G4,,Mo25,Abl
91,0091 / CyO,62633,w[1118]; PBac{w[+mC]=IT.GAL4}l(2)k09848[0091-G4]/CyO,l(2)k09848,,
92,0092 / TM6B,62634,w[1118]; PBac{w[+mC]=IT.GAL4}Stat92E[0092-G4],Stat92E,,
93,0093 / CyO,62635,w[1118]; PBac{w[+mC]=IT.GAL4}mtgo[0093-G4],mtgo,,
94,0094 / TM6B,62636,w[1118]; PBac{w[+mC]=IT.GAL4}lncRNA:CR43995[0094-G4],lncRNA:CR43995,,
95,0095 / CyO,62637,w[1118]; PBac{w[+mC]=IT.GAL4}Ercc1[0095-G4],Ercc1,,
96,0096 / CyO,,,,,
97,0097 / CyO,77515,,w[1118]; PBac{w[+mC]=IT.GAL4}KCNQ[0097-G4],KCNQ,
98,0098 / CyO,77516,w[1118]; PBac{w[+mC]=IT.GAL4}0098-G4,,Eglp2,retn
99,0099 / CyO,62638,w[1118]; PBac{w[+mC]=IT.GAL4}CG15443[0099-G4]/CyO,CG15443,,
100,0100 / TM6B,63245,"w[1118]; PBac{w[+mC]=IT.GAL4}CG31522[0100-G4] asRNA:CR43629[0100-G4]/TM6B, Tb[1]",CG31522,,
101,0101 / CyO,,,,,
102,0102 / CyO,,w[1118]; PBac{w[+mC]=IT.GAL4}Samuel[0102-G4],Samuel,,
103,0103 / CyO,,w[1118]; PBac{w[+mC]=IT.GAL4}CG44153[0103-G4],CG44153,,
104,0104 / TM6B,,"w[1118]; PBac{w[+mC]=IT.GAL4}LpR1[0104-G4]/TM6B, Tb[1]",LpR1,,
105,0105 / TM6B,62640,w[1118]; PBac{w[+mC]=IT.GAL4}ATPsynC[0105-G4],ATPsynC,,
106,0106 / TM6B,62641,w[1118]; PBac{w[+mC]=IT.GAL4}Lk6[0106-G4],Lk6,,
107,0107 / TM6B,62642,w[1118]; PBac{w[+mC]=IT.GAL4}CG34250[0107-G4],CG34250,,
108,0108 / TM6B,62643,w[1118]; PBac{w[+mC]=IT.GAL4}0108-G4,,Ref1,Dpck
109,0109 / TM6B,62644,w[1118]; PBac{w[+mC]=IT.GAL4}0109-G4,,CG43295,Zn72D
110,0110 / TM6B,77518,w[1118]; PBac{w[+mC]=IT.GAL4}0110-G4,,Srg3,CG3529
111,0111 / CyO,64689,w[1118]; PBac{w[+mC]=IT.GAL4}0111-G4,,CG43307,COX6CL
112,0112 / CyO,,,,,
113,0113 / TM6B,62645,w[1118]; PBac{w[+mC]=IT.GAL4}cysu[0113-G4],cysu,,
114,0114 / TM6B,,,,,
115,0115 / TM6B,62646,w[1118]; PBac{w[+mC]=IT.GAL4}CG31370[0115-G4],CG31370,,
116,0116 / TM6B,64690,w[1118]; PBac{w[+mC]=IT.GAL4}tara[0116-G4],tara,,
117,0117 / TM6B,62647,w[1118]; PBac{w[+mC]=IT.GAL4}0117-G4,,Tmem70,CG32373
118,0118 / CyO,62648,w[1118]; PBac{w[+mC]=IT.GAL4}PRAS40[0118-G4],PRAS40,,
119,0119 / TM6B,62649,w[1118]; PBac{w[+mC]=IT.GAL4}0119-G4,,lncRNA:CR43985,CG6885
120,0120 / CyO,64691,w[1118]; PBac{w[+mC]=IT.GAL4}0120-G4,,lncRNA:CR45036,lncRNA:CR42755
121,0121 / CyO,77519,w[1118]; PBac{w[+mC]=IT.GAL4}Bicra[0121-G4],Bicra,,
122,0122 / CyO,77520,w[1118]; PBac{w[+mC]=IT.GAL4}fax[0122-G4],fax,,
123,0123 / CyO,62650,w[1118]; PBac{w[+mC]=IT.GAL4}ttv[0123-G4]/CyO,ttv,,
124,0124 / TM6B,,,,,
125,0125 / TM6B,64692,w[1118]; PBac{w[+mC]=IT.GAL4}dco[0125-G4],dco,,
126,0126 / TM6B,77521,w[1118]; PBac{w[+mC]=IT.GAL4}chrb[0126-G4],chrb,,
127,0127 / CyO,62651,w[1118]; PBac{w[+mC]=IT.GAL4}0127-G4,,Obp56d,asRNA:CR44509
128,0128 / TM6B,,,,,
129,0129 / CyO,62653,w[1118]; PBac{w[+mC]=IT.GAL4}CG9406[0129-G4],CG9406,,
130,0130 / TM6B,62654,w[1118]; PBac{w[+mC]=IT.GAL4}CG14829[0130-G4],CG14829,,
131,0131 / TM6B,62655,w[1118]; PBac{w[+mC]=IT.GAL4}CG14830[0131-G4],CG14830,,
132,0132 / CyO,62656,w[1118]; PBac{w[+mC]=IT.GAL4}capu[0132-G4],capu,,
133,0133 / CyO,62657,w[1118]; PBac{w[+mC]=IT.GAL4}hng1[0133-G4]/CyO,hng1,,
134,0134 / TM6B,62658,w[1118]; PBac{w[+mC]=IT.GAL4}hid[0134-G4],hid,,
135,0135 / CyO,62659,w[1118]; PBac{w[+mC]=IT.GAL4}CG10433[0135-G4],CG10433,,
136,0136 / TM6B,62660,w[1118]; PBac{w[+mC]=IT.GAL4}FoxP[0136-G4],FoxP,,
137,0137 / TM6B,62661,w[1118]; PBac{w[+mC]=IT.GAL4}0137-G4,,tRNA:Thr-CGT-1-3,lncRNA:CR44947
138,0138 / CyO,62662,w[1118]; PBac{w[+mC]=IT.GAL4}0138-G4,,CG3420,Ar4
139,0139 / CyO,62663,w[1118]; PBac{w[+mC]=IT.GAL4}RapGAP1[0139-G4],RapGAP1,,
140,0140 / TM6B,,,,,
141,0141 / TM6B,62664,w[1118]; PBac{w[+mC]=IT.GAL4}SuUR[0141-G4] CG45101[0141-G4],SuUR,,
142,0142 / TM6B,62665,w[1118]; PBac{w[+mC]=IT.GAL4}0142-G4,,lncRNA:CR44563,lncRNA:CR44564
143,0143 / TM6B,62666,w[1118]; PBac{w[+mC]=IT.GAL4}Fas1[0143-G4],Fas1,,
144,0144 / CyO,62667,w[1118]; PBac{w[+mC]=IT.GAL4}ush[0144-G4],ush,,
145,0145 / TM6B,77522,w[1118]; PBac{w[+mC]=IT.GAL4}Ctns[0145-G4],Ctns,,
146,0146 / CyO,62668,w[1118]; PBac{w[+mC]=IT.GAL4}shot[0146-G4],shot,,
147,0147 / TM6B,,,,,
148,0148 / TM6B,62704,w[1118]; PBac{w[+mC]=IT.GAL4}CG3961[0148-G4],CG3961,,
149,0149 / CyO,,,,,
150,0150 / TM6B,62669,w[1118]; PBac{w[+mC]=IT.GAL4}beat-IIb[0150-G4],beat-IIb,,
151,0151 / CyO,62670,w[1118]; PBac{w[+mC]=IT.GAL4}CG7222[0151-G4],CG7222,,
152,0152 / TM6B,77523,w[1118]; PBac{w[+mC]=IT.GAL4}CG34451[0152-G4],CG34451,,
153,0153 / TM6B,62671,w[1118]; PBac{w[+mC]=IT.GAL4}Cep290[0153-G4],Cep290,,
154,0154 / CyO,62672,w[1118]; PBac{w[+mC]=IT.GAL4}galectin[0154-G4] asRNA:CR44987[0154-G4],galectin,,
155,0155 / CyO,62673,w[1118]; PBac{w[+mC]=IT.GAL4}lncRNA:CR46075[0155-G4],lncRNA:CR46075,,
156,0156 / CyO,62674,w[1118]; PBac{w[+mC]=IT.GAL4}Sema1a[0156-G4],Sema1a,,
157,0157 / TM6B,62675,"w[1118]; PBac{w[+mC]=IT.GAL4}CCT1[0157-G4]/TM6B, Tb[1]",CCT1,,
158,0158 / CyO,77524,w[1118]; PBac{w[+mC]=IT.GAL4}0158-G4,,lncRNA:CR44278,CG8746
159,0159 / CyO,62676,w[1118]; PBac{w[+mC]=IT.GAL4}CG34038[0159-G4]/CyO,CG34038,,
160,0160 / TM6B,62677,w[1118]; PBac{w[+mC]=IT.GAL4}0160-G4,,corto,CG43131
161,0161 / CyO,62678,w[1118]; PBac{w[+mC]=IT.GAL4}Akap200[0161-G4],Akap200,,
162,0162 / CyO,,,,,
163,0163 / TM6B,64693,w[1118]; PBac{w[+mC]=IT.GAL4}cysu[0163-G4],cysu,,
164,0164 / CyO,62705,w[1118]; PBac{w[+mC]=IT.GAL4}rk[0164-G4],rk,,
165,0165 / TM6B,62679,w[1118]; PBac{w[+mC]=IT.GAL4}SKIP[0165-G4],SKIP,,
166,0166 / CyO,62680,w[1118]; PBac{w[+mC]=IT.GAL4}Fem-1[0166-G4],Fem-1,,
167,0167 / TM6B,,,,,
168,0168 / TM6B,62706,w[1118]; PBac{w[+mC]=IT.GAL4}lncRNA:CR46006[0168-G4],lncRNA:CR46006,,
169,0169 / TM6B,64694,w[1118]; PBac{w[+mC]=IT.GAL4}sra[0169-G4],sra,,
170,0170 / CyO,62681,w[1118]; PBac{w[+mC]=IT.GAL4}peo[0170-G4],peo,,
171,0171 / CyO,64695,w[1118]; PBac{w[+mC]=IT.GAL4}tsr[0171-G4]/CyO,tsr,,
172,0172 / CyO,62682,w[1118]; PBac{w[+mC]=IT.GAL4}0172-G4,,Nurf-38,CG11414
173,0173 / TM6B,62683,"w[1118]; PBac{w[+mC]=IT.GAL4}fray[0173-G4] CG7694[0173-G4]/TM6B, Tb[1]",fray,,
174,0174 / CyO,62707,w[1118]; PBac{w[+mC]=IT.GAL4}scb[0174-G4],scb,,
175,0175 / TM6B,62684,"w[1118]; PBac{w[+mC]=IT.GAL4}Nup358[0175-G4]/TM6B, Tb[1]",Nup358,,
176,0176 / TM6B,,,,,
177,0177 / CyO,,,,,
178,0178 / TM6B,77525,"w[1118]; PBac{w[+mC]=IT.GAL4}Ae2[0178-G4]/TM6B, Tb[1]",Ae2,,
179,0179 / CyO,,,,,
180,0180 / TM6B,62685,w[1118]; PBac{w[+mC]=IT.GAL4}Hcs[0180-G4] ksr[0180-G4],ksr,,
181,0181 / CyO,62686,w[1118]; PBac{w[+mC]=IT.GAL4}Dad1[0181-G4]/CyO,Dad1,,
182,0182 / TM6B,77526,"w[1118]; PBac{w[+mC]=IT.GAL4}lncRNA:bxd[0182-G4]/TM6B, Tb[1]",lncRNA:bxd,,
183,0183 / CyO,77527,w[1118]; PBac{w[+mC]=IT.GAL4}sbb[0183-G4] CG14502[0183-G4]/CyO,CG14502,,
184,0184 / CyO,64696,w[1118]; PBac{w[+mC]=IT.GAL4}Letm1[0184-G4]/CyO,Letm1,,
185,0185 / CyO,62687,w[1118]; PBac{w[+mC]=IT.GAL4}wb[0185-G4]/CyO,wb,,
186,0186 / TM6B,77528,w[1118]; PBac{w[+mC]=IT.GAL4}bmm[0186-G4],bmm,,
187,0187 / TM6B,77529,w[1118]; PBac{w[+mC]=IT.GAL4}CG6126[0187-G4],CG6126,,
188,0188 / TM6B,62688,w[1118]; PBac{w[+mC]=IT.GAL4}ftz-f1[0188-G4] lncRNA:CR45939[0188-G4],ftz-f1,,
189,0189 / TM6B,62689,w[1118]; PBac{w[+mC]=IT.GAL4}0189-G4,,CG34129,lncRNA:CR44320
190,0190 / TM6B,62690,w[1118]; PBac{w[+mC]=IT.GAL4}tws[0190-G4],tws,,
191,0191 / TM6B,62691,w[1118]; PBac{w[+mC]=IT.GAL4}orb[0191-G4],orb,,
192,0192 / TM6B,62692,w[1118]; PBac{w[+mC]=IT.GAL4}mtSSB[0192-G4] CG31287[0192-G4],CG31287,,
193,0193 / TM6B,77530,"w[1118]; PBac{w[+mC]=IT.GAL4}eIF1[0193-G4]/TM6B, Tb[1]",eIF1,,
194,0194 / TM6B,62693,"w[1118]; PBac{w[+mC]=IT.GAL4}Ten-m[0194-G4]/TM6B, Tb[1]",Ten-m,,
195,0195 / TM6B,,,,,
196,0196 / TM6B,,,,,
197,0197 / TM6B,64697,"w[1118]; PBac{w[+mC]=IT.GAL4}CG8927[0197-G4]/TM6B, Tb[1]",CG8927,,
198,0198 / TM6B,62708,w[1118]; PBac{w[+mC]=IT.GAL4}qin[0198-G4] CG14304[0198-G4],CG14304,,
199,0199 / TM6B,62694,w[1118]; PBac{w[+mC]=IT.GAL4}orb[0199-G4],orb,,
200,0200 / TM6B,62695,w[1118]; PBac{w[+mC]=IT.GAL4}Lmpt[0200-G4],Lmpt,,
201,0201 / TM6B,62709,w[1118]; PBac{w[+mC]=IT.GAL4}CG31075[0201-G4],CG31075,,
202,0202 / TM6B,64698,w[1118]; PBac{w[+mC]=IT.GAL4}Zip99C[0202-G4],Zip99C,,
203,0203 / TM6B,,,,,
204,0204 / TM6B,77531,w[1118]; PBac{w[+mC]=IT.GAL4}kibra[0204-G4],kibra,,
205,0205 / TM6B,,,,,
206,0206 / CyO,62710,w[1118]; PBac{w[+mC]=IT.GAL4}Shawl[0206-G4],Shawl,,
207,0207 / CyO,77532,w[1118]; PBac{w[+mC]=IT.GAL4}sbb[0207-G4] CG14502[0207-G4],CG14502,,
208,0208 / TM6B,62711,w[1118]; PBac{w[+mC]=IT.GAL4}0208-G4,,lncRNA:CR45433,Rab8
209,0209 / TM6B,62712,"w[1118]; PBac{w[+mC]=IT.GAL4}alphaTub84B[0209-G4]/TM6B, Tb[1]",alphaTub84B,,
210,0210 / TM6B,62713,w[1118]; PBac{w[+mC]=IT.GAL4}CG31106[0210-G4],CG31106,,
211,0211 / TM6B,62714,w[1118]; PBac{w[+mC]=IT.GAL4}Dysb[0211-G4],Dysb,,
212,0212 / TM6B,62715,w[1118]; PBac{w[+mC]=IT.GAL4}CG5290[0212-G4],CG5290,,
213,0213 / TM6B,77533,"w[1118]; PBac{w[+mC]=IT.GAL4}VhaAC39-2[0213-G4]/TM6B, Tb[1]",VhaAC39-2,,
214,0214 / CyO,62716,w[1118]; PBac{w[+mC]=IT.GAL4}CG18367[0214-G4],CG18367,,
215,0215 / TM6B,64699,w[1118]; PBac{w[+mC]=IT.GAL4}Dnaaf5[0215-G4] NK7.1[0215-G4],NK7.1,,
216,0216 / TM6B,64700,w[1118]; PBac{w[+mC]=IT.GAL4}CG34451[0216-G4],CG34451,,
217,0217 / CyO,77534,w[1118]; PBac{w[+mC]=IT.GAL4}mbl[0217-G4],mbl,,
218,0218 / TM6B,62717,w[1118]; PBac{w[+mC]=IT.GAL4}asRNA:CR43916[0218-G4],asRNA:CR43916,,
219,0219 / TM6B,62718,w[1118]; PBac{w[+mC]=IT.GAL4}dally[0219-G4],dally,,
220,0220 / TM6B,62719,"w[1118]; PBac{w[+mC]=IT.GAL4}CG31176[0220-G4]/TM6B, Tb[1]",CG31176,,
221,0221 / TM6B,62720,w[1118]; PBac{w[+mC]=IT.GAL4}MCU[0221-G4],MCU,,
222,0222 / TM6B,64701,"w[1118]; PBac{w[+mC]=IT.GAL4}msps[0222-G4]/TM6B, Tb[1]",msps,,
223,0223 / CyO,,,,,
224,0224 / TM6B,62721,"w[1118]; PBac{w[+mC]=IT.GAL4}sals[0224-G4] CG17230[0224-G4]/TM6B, Tb[1]",sals,,
225,0225 / CyO,77535,w[1118]; PBac{w[+mC]=IT.GAL4}stai[0225-G4],stai,,
226,0226 / TM6B,,,,,
227,0227 / TM6B,64702,w[1118]; PBac{w[+mC]=IT.GAL4}CG14879[0227-G4],CG14879,,
228,0228 / CyO,62722,w[1118]; PBac{w[+mC]=IT.GAL4}CG31683[0228-G4],CG31683,,
229,0229 / TM6B,,,,,
230,0230 / TM6B,62723,w[1118]; PBac{w[+mC]=IT.GAL4}0230-G4,,primo-2,lncRNA:CR34044
231,0231 / TM6B,,,,,
232,0232 / CyO,77536,w[1118]; PBac{w[+mC]=IT.GAL4}CG31869[0232-G4]/CyO,CG31869,,
233,0233 / TM6B,,,,,
234,0234 / TM6B,77537,w[1118]; PBac{w[+mC]=IT.GAL4}Ctns[0234-G4],Ctns,,
235,0235 / TM6B,62725,w[1118]; PBac{w[+mC]=IT.GAL4}VhaAC39-2[0235-G4],VhaAC39-2,,
236,0236 / TM6B,62726,w[1118]; PBac{w[+mC]=IT.GAL4}0236-G4,,CG43120,CG3868
237,0237 / TM6B,62727,w[1118]; PBac{w[+mC]=IT.GAL4}0237-G4,,tRNA:Val-CAC-2-2,lncRNA:CR44934
238,0238 / TM6B,62728,w[1118]; PBac{w[+mC]=IT.GAL4}Ptp61F[0238-G4] SA2[0238-G4],Ptp61F,,
239,0239 / TM6B,62729,w[1118]; PBac{w[+mC]=IT.GAL4}0239-G4,,Osi6,Osi7
240,0240 / CyO,62730,w[1118]; PBac{w[+mC]=IT.GAL4}0240-G4,,CG34210,CR30409
241,0241 / CyO,62731,w[1118]; PBac{w[+mC]=IT.GAL4}shot[0241-G4],shot,,
242,0242 / TM6B,62732,"w[1118]; PBac{w[+mC]=IT.GAL4}Hibch[0242-G4]/TM6B, Tb[1]",Hibch,,
243,0243 / TM6B,64703,w[1118]; PBac{w[+mC]=IT.GAL4}Desat1[0243-G4],Desat1,,
244,0244 / CyO,62733,w[1118]; PBac{w[+mC]=IT.GAL4}CG5001[0244-G4]/CyO,CG5001,,
245,0245 / TM6B,62734,w[1118]; PBac{w[+mC]=IT.GAL4}Cubn2[0245-G4],Cubn2,,
246,0246 / TM6B,62735,w[1118]; PBac{w[+mC]=IT.GAL4}lncRNA:CR46216[0246-G4],lncRNA:CR46216,,
247,0247 / TM6B,,,,,
248,0248 / CyO,,,,,
249,0249 / TM6B,62736,"w[1118]; PBac{w[+mC]=IT.GAL4}Gyc88E[0249-G4] Mf[0249-G4]/TM6B, Tb[1]",Gyc88E,,
250,0250 / CyO,62737,w[1118]; PBac{w[+mC]=IT.GAL4}lncRNA:CR44414[0250-G4],lncRNA:CR44414,,
241,0241 / CyO,,,,,
242,0242 / TM6B,62738,w[1118]; PBac{w[+mC]=IT.GAL4}mrt[0252-G4],mrt,,
243,0243 / TM6B,,,,,
244,0244 / CyO,77538,w[1118]; PBac{w[+mC]=IT.GAL4}Mbs[0254-G4],Mbs,,
245,0245 / TM6B,,,,,
246,0246 / TM6B,,,,,
247,0247 / TM6B,,,,,
248,0248 / CyO,,,,,
249,0249 / TM6B,,,,,
250,0250 / CyO,,,,,
251,0251 / TM6B,,,,,
252,0252 / TM6B,,,,,
253,0253 / TM6B,,,,,
254,0254 / TM6B,,,,,
255,0255 / TM6B,,,,,
256,0256 / TM6B,,,,,
257,0257 / TM6B,62740,"w[1118]; PBac{w[+mC]=IT.GAL4}Ten-m[0257-G4]/TM6B, Tb[1]",Ten-m,,
258,0258 / TM6B,62741,w[1118]; PBac{w[+mC]=IT.GAL4}Fadd[0258-G4] pit[0258-G4],Fadd,,
259,0259 / TM6B,62742,w[1118]; PBac{w[+mC]=IT.GAL4}Nuak[0259-G4],Nuak,,
260,0260 / TM6B,62743,w[1118]; PBac{w[+mC]=IT.GAL4}lqfR[0260-G4],lqfR,,
261,0261 / TM6B,,,,,
262,0262 / TM6B,,,,,
263,0263 / TM6B,77539,w[1118]; PBac{w[+mC]=IT.GAL4}lncRNA:CR46216[0263-G4],lncRNA:CR46216,,
264,0264 / TM6B,62744,w[1118]; PBac{w[+mC]=IT.GAL4}0264-G4,,Fer2LCH,lncRNA:CR45570
265,0265 / TM6B,77540,"w[1118]; PBac{w[+mC]=IT.GAL4}Tie[0265-G4]/TM6B, Tb[1]",Tie,,
266,0266 / TM6B,62745,w[1118]; PBac{w[+mC]=IT.GAL4}0266-G4,,CG42671,lncRNA:CR45405
267,0267 / TM6B,77541,w[1118]; PBac{w[+mC]=IT.GAL4}CG31549[0267-G4],CG31549,,
268,0268 / TM6B,62746,w[1118]; PBac{w[+mC]=IT.GAL4}SKIP[0268-G4] lncRNA:CR45224[0268-G4],lncRNA:CR45224,,
269,0269 / TM6B,62747,w[1118]; PBac{w[+mC]=IT.GAL4}Gtpbp2[0269-G4],Gtpbp2,,
270,0270 / TM6B,62748,w[1118]; PBac{w[+mC]=IT.GAL4}jim[0270-G4],jim,,
271,0271 / TM6B,62749,w[1118]; PBac{w[+mC]=IT.GAL4}Hsc70-4[0271-G4],Hsc70-4,,
272,0272 / TM6B,62750,w[1118]; PBac{w[+mC]=IT.GAL4}Octbeta2R[0272-G4],Octbeta2R,,
273,0273 / TM6B,,,,,
274,0274 / TM6B,62751,w[1118]; PBac{w[+mC]=IT.GAL4}CG16779[0274-G4],CG16779,,
275,0275 / TM6B,77542,"w[1118]; PBac{w[+mC]=IT.GAL4}lncRNA:CR46006[0275-G4]/TM6B, Tb[1]",lncRNA:CR46006,,
276,0276 / CyO,62752,w[1118]; PBac{w[+mC]=IT.GAL4}sky[0276-G4] CG43739[0276-G4]/CyO,CG43739,,
277,0277 / TM6B,64704,w[1118]; PBac{w[+mC]=IT.GAL4}CalpB[0277-G4],CalpB,,
278,0278 / CyO,62753,w[1118]; PBac{w[+mC]=IT.GAL4}0278-G4,,CG34210,CR30409
279,0279 / TM6B,,,,,
280,0280 / TM6B,62754,w[1118]; PBac{w[+mC]=IT.GAL4}ver[0280-G4],ver,,
281,0281 / TM6B,,,,,
282,0282 / CyO,62755,w[1118]; PBac{w[+mC]=IT.GAL4}0282-G4,,CG10651,lncRNA:CR40341
283,0283 / CyO,,,,,
284,0284 / CyO,62756,w[1118]; PBac{w[+mC]=IT.GAL4}0284-G4,,nolo,step
285,0285 / CyO,62757,w[1118]; PBac{w[+mC]=IT.GAL4}eIF2Bdelta[0285-G4]/CyO,eIF2Bdelta,,
286,0286?? / CyO,64705,w[1118]; PBac{w[+mC]=IT.GAL4}CG14829[0286-G4],CG14829,,
287,0287 / CyO,77543,w[1118]; PBac{w[+mC]=IT.GAL4}tou[0287-G4],tou,,
288,0288 / TM6B,,,,,
289,0289 (I),62758,w[1118] PBac{w[+mC]=IT.GAL4}norpA[0289-G4],norpA,,
290,0290 (I),62759,w[1118] PBac{w[+mC]=IT.GAL4}0290-G4,,Mnr,CG1494
291,0291 (I),62760,w[1118] PBac{w[+mC]=IT.GAL4}Evi5[0291-G4],Evi5,,
292,0292 (I),62761,w[1118] PBac{w[+mC]=IT.GAL4}tyf[0292-G4],tyf,,
293,0293 (I),77544,PBac{w[+mC]=IT.GAL4}Appl[0293-G4] w[1118],Appl,,
294,0294 (I),,,,,
295,0295 (I),,,,,
296,0296 (I),62763,w[1118] PBac{w[+mC]=IT.GAL4}mew[0296-G4],mew,,
297,0297 (I),62764,w[1118] PBac{w[+mC]=IT.GAL4}CG3226[0297-G4],CG3226,,
298,0298 (I),77545,w[1118] PBac{w[+mC]=IT.GAL4}fs(1)h[0298-G4],fs(1)h,,
299,0299 (I),62765,w[1118] PBac{w[+mC]=IT.GAL4}lncRNA:CR45668[0299-G4],lncRNA:CR45668,,
300,0300 (I),62766,w[1118] PBac{w[+mC]=IT.GAL4}stx[0300-G4],stx,,
301,0301 (I),,,,,
302,0302 (I),64706,w[1118] PBac{w[+mC]=IT.GAL4}kirre[0302-G4],kirre,,
303,0303 (I),62768,PBac{w[+mC]=IT.GAL4}0303-G4 w[1118],,CG11403,Atf3
304,0304 (I),62769,w[1118] PBac{w[+mC]=IT.GAL4}CR44383[0304-G4],CR44383,,
305,0305 (I),62770,w[1118] PBac{w[+mC]=IT.GAL4}ovo[0305-G4],ovo,,
306,0306 (I),,,,,
307,0307 (I),,,,,
308,0308 (I),,,,,
309,0309 (I),62771,w[1118] PBac{w[+mC]=IT.GAL4}mgl[0309-G4],mgl,,
310,0310 (I),62772,w[1118] PBac{w[+mC]=IT.GAL4}CG14434[0310-G4] CG43736[0310-G4]/FM7a,CG14434,,
311,0311 (I),62773,w[1118] PBac{w[+mC]=IT.GAL4}Mnt[0311-G4],Mnt,,
312,0312 (I),62774,w[1118] PBac{w[+mC]=IT.GAL4}Ankle2[0312-G4],Ankle2,,
313,0313 (I),64707,w[1118] PBac{w[+mC]=IT.GAL4}CG43736[0313-G4],CG43736,,
314,0314 (I),62775,w[1118] PBac{w[+mC]=IT.GAL4}0314-G4,,lncRNA:CR46243,lncRNA:CR44999
315,0315 (I),33215,PBac{w[+mC]=IT.GAL4}0315-G4 w[1118],,,
316,0316 (I),62776,w[1118] PBac{w[+mC]=IT.GAL4}Pdcd4[0316-G4],Pdcd4,,
317,0317 (I),77546,w[1118] PBac{w[+mC]=IT.GAL4}goe[0317-G4],goe,,
318,0318 (I),62777,w[1118] PBac{w[+mC]=IT.GAL4}CG15890[0318-G4],CG15890,,
319,0319 (I),62778,PBac{w[+mC]=IT.GAL4}tyn[0319-G4] w[1118],tyn,,
320,0320 (I),,,,,
321,0321 (I),64708,PBac{w[+mC]=IT.GAL4}spdi[0321-G4] w[1118],spdi,,
322,0322 (I),62779,w[1118] PBac{w[+mC]=IT.GAL4}Gbeta13F[0322-G4],Gbeta13F,,
323,0323 (I),62780,PBac{w[+mC]=IT.GAL4}pcx[0323-G4] w[1118]/FM7a,pcx,,
324,0324 (I),64709,"w[1118], PBac{w[+mC]=IT.GAL4}Trf2[0324-G4]/FM7a",Trf2,,
325,0325 (I),62781,w[1118] PBac{w[+mC]=IT.GAL4}0325-G4,,CG43740,snoRNA:CD11c
326,0326 (I),,,,,
327,0327 (I),,,,,
328,0328 (I),,,,,
329,0329 (I),62782,w[1118] PBac{w[+mC]=IT.GAL4}CHES-1-like[0329-G4],CHES-1-like,,
330,0330 (I),62783,w[1118] PBac{w[+mC]=IT.GAL4}Imp[0330-G4],Imp,,
331,0331 (I),62784,w[1118] PBac{w[+mC]=IT.GAL4}Hers[0331-G4],Hers,,
332,0332 (I),,,,,
333,0333 (I),64710,w[1118] PBac{w[+mC]=IT.GAL4}NFAT[0333-G4],NFAT,,
334,0334 (I),62785,w[1118] PBac{w[+mC]=IT.GAL4}out[0334-G4],out,,
335,0335 (I),62786,w[1118] PBac{w[+mC]=IT.GAL4}Moe[0335-G4],Moe,,
336,0336 (I),62787,w[1118] PBac{w[+mC]=IT.GAL4}CG14200[0336-G4],CG14200,,
337,0337 (I),62788,w[1118] PBac{w[+mC]=IT.GAL4}CG43901[0337-G4],CG43901,,
338,0338 (I),62789,w[1118] PBac{w[+mC]=IT.GAL4}sn[0338-G4] sws[0338-G4],sws,,
339,0339 (I),62790,w[1118] PBac{w[+mC]=IT.GAL4}0339-G4,,lncRNA:CR46243,lncRNA:CR44999
340,0340 (I),62791,w[1118] PBac{w[+mC]=IT.GAL4}Ypel[0340-G4],Ypel,,
341,0341 (I),62792,w[1118] PBac{w[+mC]=IT.GAL4}Crg-1[0341-G4],Crg-1,,
342,0342 (I),62793,w[1118] PBac{w[+mC]=IT.GAL4}CG14434[0342-G4],CG14434,,
343,0343 (I),62794,w[1118] PBac{w[+mC]=IT.GAL4}Prp16[0343-G4],Prp16,,
344,0344 (I),64711,w[1118] PBac{w[+mC]=IT.GAL4}RpL37-1[0344-G4]/FM7a,RpL37-1,,
345,0345 / CyO,62795,w[1118]; PBac{w[+mC]=IT.GAL4}0345-G4,,lncRNA:CR31840,hll
346,0346 / TM6B,62796,w[1118]; PBac{w[+mC]=IT.GAL4}CG32206[0346-G4],CG32206,,
347,0347 / CyO,64712,w[1118]; PBac{w[+mC]=IT.GAL4}sp3[0347-G4],sp3,,
348,0348 / CyO,77547,w[1118]; PBac{w[+mC]=IT.GAL4}CG30015[0348-G4],CG30015,,
349,0349 / CyO,62797,w[1118]; PBac{w[+mC]=IT.GAL4}wb[0349-G4] lncRNA:CR44729[0349-G4]/CyO,lncRNA:CR44729,,
350,0350 / CyO,62798,w[1118]; PBac{w[+mC]=IT.GAL4}0350-G4/CyO,,CG43402,CG31928
351,0351 / CyO,62799,w[1118]; PBac{w[+mC]=IT.GAL4}grp[0351-G4],grp,,
352,0352 / TM6B,77548,w[1118]; PBac{w[+mC]=IT.GAL4}0352-G4,,lncRNA:CR46142,PIG-H
353,0353 / TM6B,,,,,
354,0354 / TM6B,62801,w[1118]; PBac{w[+mC]=IT.GAL4}Ar3[0354-G4] asRNA:CR43916[0354-G4],Ar3,,
355,0355 / TM6B,64713,w[1118]; PBac{w[+mC]=IT.GAL4}mtSSB[0355-G4],mtSSB,,
356,0356 / TM6B,64714,w[1118]; PBac{w[+mC]=IT.GAL4}0356-G4,,sra,CG6126
357,0357 / TM6B,62802,w[1118]; PBac{w[+mC]=IT.GAL4}nuf[0357-G4],nuf,,
358,0358 / TM6B,62803,w[1118]; PBac{w[+mC]=IT.GAL4}CG42674[0358-G4],CG42674,,
359,0359 / TM6B,64715,"w[1118]; PBac{w[+mC]=IT.GAL4}Atpalpha[0359-G4]/TM6B, Tb[1]",Atpalpha,,
360,0360 / TM6B,,,,,
361,0361 / TM6B,64716,w[1118]; PBac{w[+mC]=IT.GAL4}0361-G4,,scrib,lncRNA:CR44951
362,0362 / TM6B,77549,w[1118]; PBac{w[+mC]=IT.GAL4}Gfrl[0362-G4],Gfrl,,
363,0363 / CyO,62804,w[1118]; PBac{w[+mC]=IT.GAL4}CG42750[0363-G4],CG42750,,
364,0364 / CyO,,,,,
365,0365 / CyO,62805,w[1118]; PBac{w[+mC]=IT.GAL4}CG15172[0365-G4],CG15172,,
366,0366 / CyO,,,,,
367,0367 / CyO,62806,w[1118]; PBac{w[+mC]=IT.GAL4}CG30043[0367-G4],CG30043,,
368,0368 / CyO,64717,w[1118]; PBac{w[+mC]=IT.GAL4}CG11961[0368-G4],CG11961,,
369,0369 / CyO,62807,w[1118]; PBac{w[+mC]=IT.GAL4}Oda[0369-G4],Oda,,
370,0370 / TM6B,62808,w[1118]; PBac{w[+mC]=IT.GAL4}Ptpmeg[0370-G4] mthl10[0370-G4],Ptpmeg,,
371,0371 / TM6B,62809,w[1118]; PBac{w[+mC]=IT.GAL4}FoxK[0371-G4],FoxK,,
372,0372 / TM6B,62810,w[1118]; PBac{w[+mC]=IT.GAL4}0372-G4,,AdamTS-A,B9d1
373,0373 / TM6B,62811,w[1118]; PBac{w[+mC]=IT.GAL4}0373-G4,,Ccdc114,Fas1
374,0374 / TM6B,62812,w[1118]; PBac{w[+mC]=IT.GAL4}SMSr[0374-G4],SMSr,,
375,0375 / TM6B,,,,,
376,0376 / TM6B,62813,w[1118]; PBac{w[+mC]=IT.GAL4}0376-G4,,CG43251,CG4074
377,0377 / CyO,62814,w[1118]; PBac{w[+mC]=IT.GAL4}HmgD[0377-G4],HmgD,,
378,0378 / CyO,62815,w[1118]; PBac{w[+mC]=IT.GAL4}Fili[0378-G4],Fili,,
379,0379 / TM6B,62816,w[1118]; PBac{w[+mC]=IT.GAL4}RhoGAP100F[0379-G4],RhoGAP100F,,
380,0380 / TM6B,62817,"w[1118]; PBac{w[+mC]=IT.GAL4}mask[0380-G4]/TM6B, Tb[1]",mask,,
381,0381 / CyO,77550,w[1118]; PBac{w[+mC]=IT.GAL4}0381-G4/CyO,,,lncRNA:CR44632
382,0382 / TM6B,77551,w[1118]; PBac{w[+mC]=IT.GAL4}grp[0382-G4] CG31807[0382-G4],CG31807,,
383,0383 / TM6B,62818,w[1118]; PBac{w[+mC]=IT.GAL4}mtd[0383-G4],mtd,,
384,0384 / TM6B,62819,w[1118]; PBac{w[+mC]=IT.GAL4}0384-G4,,CG12516,larp
385,0385 / TM6B,,,,,
386,0386 / CyO,62820,w[1118]; PBac{w[+mC]=IT.GAL4}mts[0386-G4],mts,,
387,0387 / CyO,,,,,
388,0388 (I),62821,w[1118] PBac{w[+mC]=IT.GAL4}CBP[0388-G4] ZC3H18[0388-G4] lncRNA:CR44357[0388-G4],CG1677,,
389,0389 (I),62822,w[1118] PBac{w[+mC]=IT.GAL4}BCL7-like[0389-G4],BCL7-like,,
390,0390 / TM6B,,,,,
391,0391 / TM6B,62823,w[1118]; PBac{w[+mC]=IT.GAL4}FucTA[0391-G4],FucTA,,
392,0392 / TM6B,62824,"w[1118]; PBac{w[+mC]=IT.GAL4}kibra[0392-G4]/TM6B, Tb[1]",kibra,,
393,0393 / CyO,,,,,
394,0394 / TM6B,,,,,
395,0395 / TM6B,62825,w[1118]; PBac{w[+mC]=IT.GAL4}CG6928[0395-G4],CG6928,,
396,0396 / TM6B,64718,w[1118]; PBac{w[+mC]=IT.GAL4}FucTA[0396-G4],FucTA,,
397,0397 / CyO,,,,,
398,0398 / TM6B,,,,,
399,0399 / TM6B,64719,w[1118]; PBac{w[+mC]=IT.GAL4}akirin[0399-G4],akirin,,
400,0400 / CyO,62826,w[1118]; PBac{w[+mC]=IT.GAL4}Hsl[0400-G4],Hsl,,
401,0401 / TM6B,63293,"w[1118]; PBac{w[+mC]=IT.GAL4}ttm2[0401-G4]/TM6B, Tb[1]",ttm2,,
402,0402 / TM6B,63294,w[1118]; PBac{w[+mC]=IT.GAL4}tacc[0402-G4],tacc,,
403,0403 / TM6B,,,,,
404,0404 / TM6B,77552,w[1118]; PBac{w[+mC]=IT.GAL4}0404-G4,,CG5217,CG14280
405,0405 / CyO,63295,w[1118]; PBac{w[+mC]=IT.GAL4}0405-G4,,fj,lncRNA:CR44420
406,0406 / TM6B,63296,"w[1118]; PBac{w[+mC]=IT.GAL4}l(3)04053[0406-G4]/TM6B, Tb[1]",l(3)04053,,
407,0407 / CyO,64720,w[1118]; PBac{w[+mC]=IT.GAL4}Dif[0407-G4],Dif,,
408,0408 / TM6B,,,,,
409,0409 / CyO,63297,w[1118]; PBac{w[+mC]=IT.GAL4}CG31729[0409-G4],CG31729,,
410,0410 / CyO,63298,w[1118]; PBac{w[+mC]=IT.GAL4}CG14931[0410-G4]/CyO,CG14931,,
411,0411 / CyO,63299,w[1118]; PBac{w[+mC]=IT.GAL4}0411-G4,,Col4a1,CG14042
412,0412 / TM6B,63300,w[1118]; PBac{w[+mC]=IT.GAL4}CG7634[0412-G4],CG7634,,
413,0413 / CyO,63301,w[1118]; PBac{w[+mC]=IT.GAL4}0413-G4,,lncRNA:CR44852,CG4218
414,0414 / CyO,77553,w[1118]; PBac{w[+mC]=IT.GAL4}0414-G4/CyO,,dgt3,Prosalpha3
415,0415 / TM6B,63302,w[1118]; PBac{w[+mC]=IT.GAL4}ATP8B[0415-G4],ATP8B,,
416,0416 / CyO,77554,w[1118]; PBac{w[+mC]=IT.GAL4}stai[0416-G4],stai,,
417,0417 / CyO,,,,,
418,0418 / TM6B,63303,w[1118]; PBac{w[+mC]=IT.GAL4}0418-G4,,eIF3f1,lncRNA:CR44923
419,0419 / TM6B,63304,w[1118]; PBac{w[+mC]=IT.GAL4}mael[0419-G4],mael,,
420,0420 / CyO,63305,w[1118]; PBac{w[+mC]=IT.GAL4}chk[0420-G4] CG45092[0420-G4],CG45092,,
421,0421 / TM6B,63306,"w[1118]; PBac{w[+mC]=IT.GAL4}dlp[0421-G4]/TM6B, Tb[1]",dlp,,
422,0422 / CyO,,,,,
423,0423 / TM6B,63307,w[1118]; PBac{w[+mC]=IT.GAL4}CG34347[0423-G4],CG34347,,
424,0424 / TM6B,63308,w[1118]; PBac{w[+mC]=IT.GAL4}nes[0424-G4],nes,,
425,0425 / CyO,,,,,
426,0426 / TM6B,63309,w[1118]; PBac{w[+mC]=IT.GAL4}CG3764[0426-G4],CG3764,,
427,0427 / TM6B,63310,w[1118]; PBac{w[+mC]=IT.GAL4}fz[0427-G4],fz,,
428,0428 / TM6B,63311,w[1118]; PBac{w[+mC]=IT.GAL4}Ctns[0428-G4],Ctns,,
429,0429 / CyO,,,,,
430,0430 / CyO,63312,w[1118]; PBac{w[+mC]=IT.GAL4}Idgf2[0430-G4] CG5888[0430-G4],CG5888,,
431,0431 / TM6B,63313,w[1118]; PBac{w[+mC]=IT.GAL4}drn[0431-G4],drn,,
432,0432 / TM6B,63314,"w[1118]; PBac{w[+mC]=IT.GAL4}0432-G4/TM6B, Tb[1]",,CG31145,GILT3
433,0433 / CyO,,,,,
434,0434 / TM6B,77555,w[1118]; PBac{w[+mC]=IT.GAL4}stumps[0434-G4],stumps,,
435,0435 / TM6B,64721,"w[1118]; PBac{w[+mC]=IT.GAL4}Gyc76C[0435-G4] CG42637[0435-G4]/TM6B, Tb[1]",CG42637,,
436,0436 / TM6B,64722,"w[1118]; PBac{w[+mC]=IT.GAL4}Uhg8[0436-G4]/TM6B, Tb[1]",Uhg8,,
437,0437 / TM6B,63315,w[1118]; PBac{w[+mC]=IT.GAL4}0437-G4,,Mhcl,Akt
438,0438 / CyO,63316,w[1118]; PBac{w[+mC]=IT.GAL4}Agl[0438-G4],Agl,,
439,0439 / TM6B,63317,"w[1118]; PBac{w[+mC]=IT.GAL4}0439-G4/TM6B, Tb[1]",,Fer2LCH,lncRNA:CR45570
440,0440 / CyO,,,,,
441,0441 / TM6B,63319,w[1118]; PBac{w[+mC]=IT.GAL4}pum[0441-G4],pum,,
442,0442 / CyO,63320,w[1118]; PBac{w[+mC]=IT.GAL4}Hsc70-5[0442-G4]/CyO,Hsc70-5,,
443,0443 / TM6B,63321,"w[1118]; PBac{w[+mC]=IT.GAL4}caps[0443-G4]/TM6B, Tb[1]",caps,,
444,0444 / CyO,77556,w[1118]; PBac{w[+mC]=IT.GAL4}0444-G4,,lncRNA:CR44452,lncRNA:CR46229
445,0445 / TM6B,63322,w[1118]; PBac{w[+mC]=IT.GAL4}mRpS18A[0445-G4],mRpS18A,,
446,0446 / CyO,63323,w[1118]; PBac{w[+mC]=IT.GAL4}0446-G4,,lncRNA:CR44750,Grx1t
447,0447 / TM6B,63324,w[1118]; PBac{w[+mC]=IT.GAL4}0447-G4,,Idh,ImpE1
448,0488 / TM6B,,,,,
449,0449 / TM6B,63325,w[1118]; PBac{w[+mC]=IT.GAL4}orb[0449-G4],orb,,
450,0450 / TM6B,63326,"w[1118]; PBac{w[+mC]=IT.GAL4}0450-G4/TM6B, Tb[1]",,CG43251,CG4074
451,0451 / TM6B,63327,w[1118]; PBac{w[+mC]=IT.GAL4}0451-G4,,Osi5,Osi6
452,0452 / TM6B,63328,w[1118]; PBac{w[+mC]=IT.GAL4}0452-G4,,Gfat2,Moca-cyp
453,0453 / TM6B,63329,w[1118]; PBac{w[+mC]=IT.GAL4}0453-G4,,lncRNA:CR44927,lncRNA:CR44928
454,0454 / CyO,63330,w[1118]; PBac{w[+mC]=IT.GAL4}RpL30[0454-G4] CG31793[0454-G4],RpL30,,
455,0455 / TM6B,,,,,
456,0456 / TM6B,63331,w[1118]; PBac{w[+mC]=IT.GAL4}0456-G4,,path,CG3408
457,0457 / TM6B,63332,w[1118]; PBac{w[+mC]=IT.GAL4}Alh[0457-G4] Mlp84B[0457-G4],Alh,,
458,0458 / TM6B,77557,w[1118]; PBac{w[+mC]=IT.GAL4}CG6966[0458-G4],CG6966,,
459,0459 / TM6B,77558,w[1118]; PBac{w[+mC]=IT.GAL4}0459-G4,,tRNA:Ser-GCT-1-1,tRNA:Ser-GCT-2-5
460,0460 / CyO,63333,w[1118]; PBac{w[+mC]=IT.GAL4}0460-G4,,CG33919,Vha16-1
461,0461 / TM6B,63334,w[1118]; PBac{w[+mC]=IT.GAL4}0461-G4,,HP4,CG8209
462,0462 / TM6B,63335,w[1118]; PBac{w[+mC]=IT.GAL4}0462-G4,,lncRNA:CR44555,lncRNA:CR44558
463,0463 / TM6B,64723,w[1118]; PBac{w[+mC]=IT.GAL4}0463-G4,,lncRNA:CR45250,lncRNA:CR45251
464,0464 / TM6B,63336,w[1118]; PBac{w[+mC]=IT.GAL4}chrb[0464-G4],chrb,,
465,0465 / CyO,63337,w[1118]; PBac{w[+mC]=IT.GAL4}CG34109[0465-G4] CG44153[0465-G4],CG34109,,
466,0466 / TM6B,77559,w[1118]; PBac{w[+mC]=IT.GAL4}PEK[0466-G4],PEK,,
467,0467 / CyO,63338,w[1118]; PBac{w[+mC]=IT.GAL4}speck[0467-G4] DnaJ-60[0467-G4] CG42568[0467-G4],speck,,
468,0468 / CyO,63339,w[1118]; PBac{w[+mC]=IT.GAL4}kuz[0468-G4],kuz,,
469,0469 / TM6B,63340,w[1118]; PBac{w[+mC]=IT.GAL4}0469-G4,,pit,how
470,0470 / CyO,63341,w[1118]; PBac{w[+mC]=IT.GAL4}ckn[0470-G4]/CyO,ckn,,
471,0471 / TM6B,63342,w[1118]; PBac{w[+mC]=IT.GAL4}CG11523[0471-G4],CG11523,,
472,0472 / TM6B,63343,"w[1118]; PBac{w[+mC]=IT.GAL4}0472-G4/TM6B, Tb[1]",,MED10,Hsc20
473,0473 / CyO,,,,,
474,0474 / CyO,63344,w[1118]; PBac{w[+mC]=IT.GAL4}tutl[0474-G4]/CyO,tutl,,
475,0475 / TM6B,64724,w[1118]; PBac{w[+mC]=IT.GAL4}CG5892[0475-G4],CG5892,,
476,0476 / CyO,63345,w[1118]; PBac{w[+mC]=IT.GAL4}CG12744[0476-G4],CG12744,,
477,0477 / CyO,63346,w[1118]; PBac{w[+mC]=IT.GAL4}coro[0477-G4],coro,,
478,0478 / CyO,63347,w[1118]; PBac{w[+mC]=IT.GAL4}Cpr50Ca[0478-G4],Cpr50Ca,,
479,0479 / CyO,63348,w[1118]; PBac{w[+mC]=IT.GAL4}0479-G4,,fdl,vis
480,0480 / TM6B,77560,w[1118]; PBac{w[+mC]=IT.GAL4}0480-G4,,CG5111,msi
481,0481 / TM6B,63349,w[1118]; PBac{w[+mC]=IT.GAL4}Hsp67Ba[0481-G4],Hsp67Ba,,
482,0482 / CyO,63350,w[1118]; PBac{w[+mC]=IT.GAL4}bru2[0482-G4],bru2,,
483,0483 / CyO,,,,,
484,0484 / TM6B,,,,,
485,0485 / TM6B,,,,,
486,0486 / TM6B,77561,w[1118]; PBac{w[+mC]=IT.GAL4}0486-G4,,Dup99B,Obp99b
487,0487 / CyO,77562,w[1118]; PBac{w[+mC]=IT.GAL4}RyR[0487-G4]/CyO,RyR,,
488,0488 / TM6B,63352,w[1118]; PBac{w[+mC]=IT.GAL4}InR[0488-G4],InR,,
489,0489 / TM6B,64725,"w[1118]; PBac{w[+mC]=IT.GAL4}Tgs1[0489-G4] moi[0489-G4]/TM6B, Tb[1]",moi,,
490,0490 / TM6B,63353,w[1118]; PBac{w[+mC]=IT.GAL4}Gyc88E[0490-G4],Gyc88E,,
491,0491 / TM6B,63354,w[1118]; l(2)*[*]/CyO; PBac{w[+mC]=IT.GAL4}Rap1[0491-G4],Rap1,,
492,0492 / TM6B,63355,w[1118]; PBac{w[+mC]=IT.GAL4}CG13293[0492-G4],CG13293,,
493,0493 / TM6B,63356,w[1118]; PBac{w[+mC]=IT.GAL4}CG11658[0493-G4],CG11658,,
494,0494 / TM6B,63357,"w[1118]; PBac{w[+mC]=IT.GAL4}Pep[0494-G4]/TM6B, Tb[1]",Pep,,
495,0495 / CyO,63358,w[1118]; PBac{w[+mC]=IT.GAL4}0495-G4,,Patsas,ThrRS
496,0496 / CyO,63359,w[1118]; PBac{w[+mC]=IT.GAL4}snoRNA:Psi28S-1153[0496-G4],snoRNA:Psi28S-1153,,
497,0497 / CyO,63360,w[1118]; PBac{w[+mC]=IT.GAL4}PRL-1[0497-G4]/CyO,PRL-1,,
498,0498 / CyO,63361,w[1118]; PBac{w[+mC]=IT.GAL4}psq[0498-G4]/CyO,psq,,
499,0499 / CyO,63362,w[1118]; PBac{w[+mC]=IT.GAL4}COX7AL2[0499-G4],COX7AL2,,
500,0500 / CyO,63363,w[1118]; PBac{w[+mC]=IT.GAL4}prod[0500-G4]/CyO,prod,,
501,0501 / TM6B,,,,,
502,0502 / CyO,63364,w[1118]; PBac{w[+mC]=IT.GAL4}Tengl3[0502-G4],Tengl3,,
503,0503 / TM6B,,,,,
504,0504 / TM6B,63365,w[1118]; PBac{w[+mC]=IT.GAL4}CG7530[0504-G4],CG7530,,
505,0505 / CyO,64726,w[1118]; PBac{w[+mC]=IT.GAL4}mir-2498[0505-G4],mir-2498,,
506,0506 / TM6B,63366,"w[1118]; PBac{w[+mC]=IT.GAL4}kra[0506-G4]/TM6B, Tb[1]",kra,,
507,0507 / CyO,63367,w[1118]; PBac{w[+mC]=IT.GAL4}0507-G4,,lncRNA:CR45293,lace
508,0508 / TM6B,63368,w[1118]; PBac{w[+mC]=IT.GAL4}pum[0508-G4],pum,,
509,0509 / TM6B,63369,w[1118]; PBac{w[+mC]=IT.GAL4}DCP2[0509-G4],DCP2,,
510,0510 / TM6B,63370,w[1118]; PBac{w[+mC]=IT.GAL4}CG7194[0510-G4],CG7194,,
511,0511 / CyO,,,,,
512,0512 / CyO,63371,w[1118]; PBac{w[+mC]=IT.GAL4}loqs[0512-G4]/CyO,loqs,,
513,0513 / TM6B,,,,,
514,0514 / CyO,63372,w[1118]; PBac{w[+mC]=IT.GAL4}spi[0514-G4]/CyO,spi,,
515,0515 / TM6B,,,,,
516,0516 / TM6B,63373,w[1118]; PBac{w[+mC]=IT.GAL4}Ref1[0516-G4],Ref1,,
517,0517 / TM6B,63374,w[1118]; PBac{w[+mC]=IT.GAL4}Hsp67Ba[0517-G4] asRNA:CR43481[0517-G4],asRNA:CR43481,,
518,0518 / TM6B,,,,,
519,0519 / TM6B,,,,,
520,0520 / CyO,63375,w[1118]; PBac{w[+mC]=IT.GAL4}Fkbp59[0520-G4]/CyO,Fkbp59,,
521,0521 / TM6B,63376,"w[1118]; PBac{w[+mC]=IT.GAL4}ntc[0521-G4] CG32264[0521-G4]/TM6B, Tb[1]",ntc,,
522,0522 / CyO,63377,"w[1118]; PBac{w[+mC]=IT.GAL4}klar[0523-G4]/TM6B, Tb[1]",klar,,
523,0523 / TM6B,63378,w[1118]; PBac{w[+mC]=IT.GAL4}lncRNA:CR45311[0524-G4],lncRNA:CR45311,,
524,0524 / CyO,63379,w[1118]; PBac{w[+mC]=IT.GAL4}VhaAC39-2[0525-G4],VhaAC39-2,,
525,0525 / TM6B,63380,w[1118]; PBac{w[+mC]=IT.GAL4}Jon99Ciii[0526-G4],Jon99Ciii,,
526,0526 / TM6B,63381,w[1118]; PBac{w[+mC]=IT.GAL4}CG33229[0527-G4] lncRNA:CR42862[0527-G4],lncRNA:CR42862,,
527,0527 / TM6B,,,,,
528,0528 / TM6B,,,,,
529,0529 / TM6B,64727,w[1118]; PBac{w[+mC]=IT.GAL4}cno[0529-G4],cno,,
530,0530 / CyO,63382,w[1118]; PBac{w[+mC]=IT.GAL4}CheB42c[0530-G4] mim[0530-G4],CheB42c,,
531,0531 / CyO,63383,w[1118]; PBac{w[+mC]=IT.GAL4}CG12911[0531-G4],CG12911,,
532,0532 / TM6B,63384,w[1118]; PBac{w[+mC]=IT.GAL4}Kdm2[0532-G4],Kdm2,,
533,0533 / CyO,63385,w[1118]; PBac{w[+mC]=IT.GAL4}CG10505[0533-G4],CG10505,,
534,0534 / TM6B,63386,w[1118]; PBac{w[+mC]=IT.GAL4}CG32944[0534-G4],CG32944,,
535,0535 / CyO,63387,w[1118]; PBac{w[+mC]=IT.GAL4}0535-G4,,comr,Fili
536,0536 / CyO,,,,,
537,0537 / TM6B,63388,w[1118]; PBac{w[+mC]=IT.GAL4}CG9801[0537-G4],CG9801,,
538,0538 / CyO,63389,w[1118]; PBac{w[+mC]=IT.GAL4}0538-G4/CyO,,lncRNA:CR44615,CG32982
539,0539 / TM6B,63390,w[1118]; PBac{w[+mC]=IT.GAL4}0539-G4,,Tom,Brd
540,0540 / CyO,63391,w[1118]; PBac{w[+mC]=IT.GAL4}l(2)k01209[0540-G4]/CyO,l(2)k01209,,
541,0541 / TM6B,63392,w[1118]; PBac{w[+mC]=IT.GAL4}Gabat[0541-G4],Gabat,,
542,0542 / CyO,63393,w[1118]; PBac{w[+mC]=IT.GAL4}atos[0542-G4],atos,,
543,0543 / TM6B,63394,w[1118]; PBac{w[+mC]=IT.GAL4}MESR6[0543-G4],MESR6,,
544,0544 / CyO,63395,w[1118]; PBac{w[+mC]=IT.GAL4}RhoGEF2[0544-G4]/CyO,RhoGEF2,,
545,0545 / CyO,63396,w[1118]; PBac{w[+mC]=IT.GAL4}CG17660[0545-G4]/CyO,CG17660,,
546,0546 / CyO,63397,w[1118]; PBac{w[+mC]=IT.GAL4}dmGlut[0546-G4]/CyO,dmGlut,,
547,0547 / CyO,63398,w[1118]; PBac{w[+mC]=IT.GAL4}CG6180[0547-G4],CG6180,,
548,0548 / TM6B,63399,w[1118]; PBac{w[+mC]=IT.GAL4}Papss[0548-G4],Papss,,
549,0549 / CyO,63400,w[1118]; PBac{w[+mC]=IT.GAL4}Su(var)205[0549-G4]/CyO,Su(var)205,,
550,0550 / TM6B,,,,,
551,0551 / CyO,77563,w[1118]; PBac{w[+mC]=IT.GAL4}0551-G4,,CR43670,CG31808
552,0552 / TM6B,63401,w[1118]; PBac{w[+mC]=IT.GAL4}Tusp[0552-G4],Tusp,,
553,0553 / TM6B,63402,w[1118]; PBac{w[+mC]=IT.GAL4}RhoGEF3[0553-G4],RhoGEF3,,
554,0554 / CyO,63403,w[1118]; PBac{w[+mC]=IT.GAL4}CG10764[0554-G4],CG10764,,
555,0555 / TM6B,,,,,
556,0556 / TM6B,63404,"w[1118]; PBac{w[+mC]=IT.GAL4}0556-G4/TM6B, Tb[1]",,CG33795,lncRNA:CR45754
557,0557 / TM6B,,,,,
558,0558 / TM6B,63405,w[1118]; PBac{w[+mC]=IT.GAL4}Ythdf[0558-G4],Ythdf,,
559,0559 / TM6B,63406,w[1118]; PBac{w[+mC]=IT.GAL4}CG10254[0559-G4],CG10254,,
560,0560 / CyO,63407,w[1118]; PBac{w[+mC]=IT.GAL4}Rack1[0560-G4]/CyO,Rack1,,
561,0561 / TM6B,63408,"w[1118]; PBac{w[+mC]=IT.GAL4}Tm1[0561-G4]/TM6B, Tb[1]",Tm1,,
562,0562 / CyO,63409,w[1118]; PBac{w[+mC]=IT.GAL4}HisT[0562-G4]/CyO,HisT,,
563,0563 / TM6B,63410,w[1118]; PBac{w[+mC]=IT.GAL4}0563-G4,,CheA75a,Tktl
564,0564 / TM6B,63411,"w[1118]; PBac{w[+mC]=IT.GAL4}Synd[0564-G4]/TM6B, Tb[1]",Synd,,
565,0565 / CyO,77564,w[1118]; PBac{w[+mC]=IT.GAL4}ND-15[0565-G4] CG4822[0565-G4],CG4822,,
566,0566 / TM6B,63412,w[1118]; PBac{w[+mC]=IT.GAL4}Zip99C[0566-G4],Zip99C,,
567,0567 / TM6B,63413,w[1118]; PBac{w[+mC]=IT.GAL4}Hsp67Ba[0567-G4],Hsp67Ba,,
568,0568 / TM6B,63414,w[1118]; PBac{w[+mC]=IT.GAL4}Nagk[0568-G4],Nagk,,
569,0569 / CyO,63415,w[1118]; PBac{w[+mC]=IT.GAL4}Snoo[0569-G4],Snoo,,
570,0570 / TM6B,63416,w[1118]; PBac{w[+mC]=IT.GAL4}0570-G4,,Ccp84Aa,pb
571,0571 / CyO,64728,w[1118]; PBac{w[+mC]=IT.GAL4}shn[0571-G4]/CyO,shn,,
572,0572 / CyO,,,,,
573,0573 / TM6B,63417,w[1118]; PBac{w[+mC]=IT.GAL4}0573-G4,,tut,CG8006
574,0574 / TM6B,63418,w[1118]; PBac{w[+mC]=IT.GAL4}0574-G4,,hid,lncRNA:CR45234
575,0575 / TM6B,63419,"w[1118]; PBac{w[+mC]=IT.GAL4}SppL[0575-G4]/TM6B, Tb[1]",SppL,,
576,0576 / CyO,77565,w[1118]; PBac{w[+mC]=IT.GAL4}CG9328[0576-G4],CG9328,,
577,0577 / TM6B,,,,,
578,0578 / CyO,63420,w[1118]; PBac{w[+mC]=IT.GAL4}Prosalpha7[0578-G4]/CyO,Prosalpha7,,
579,0579 / TM6B,63421,w[1118]; PBac{w[+mC]=IT.GAL4}lncRNA:CR43988[0579-G4],lncRNA:CR43988,,
580,0580 / CyO,63422,w[1118]; PBac{w[+mC]=IT.GAL4}galectin[0580-G4] asRNA:CR44987[0580-G4],galectin,,
581,0581 / TM6B,63423,"w[1118]; PBac{w[+mC]=IT.GAL4}mRpS21[0581-G4] CG8870[0581-G4]/TM6B, Tb[1]",CG8870,,
582,0582 / TM6B,63424,w[1118]; PBac{w[+mC]=IT.GAL4}Spc25[0582-G4] grsm[0582-G4],grsm,,
583,0583 / TM6B,63425,w[1118]; PBac{w[+mC]=IT.GAL4}upSET[0583-G4],upSET,,
584,0584 / TM6B,77566,w[1118]; PBac{w[+mC]=IT.GAL4}osk[0584-G4],osk,,
585,0585 / TM6B,63426,"w[1118]; PBac{w[+mC]=IT.GAL4}Vha100-2[0585-G4] Vti1b[0585-G4]/TM6B, Tb[1]",Vti1b,,
586,0586 / TM6B,64729,w[1118]; PBac{w[+mC]=IT.GAL4}0586-G4,,lncRNA:CR45433,Rab8
587,0587 / TM6B,,,,,
588,0588 / TM6B,63427,w[1118]; PBac{w[+mC]=IT.GAL4}cdi[0588-G4],cdi,,
589,0589 / TM6B,63428,w[1118]; PBac{w[+mC]=IT.GAL4}rdx[0589-G4],rdx,,
590,0590 / TM6B,64730,w[1118]; PBac{w[+mC]=IT.GAL4}0590-G4,,hid,lncRNA:CR45234
591,0591 / CyO,63429,w[1118]; PBac{w[+mC]=IT.GAL4}pes[0591-G4],pes,,
592,0592 / TM6B,63430,w[1118]; PBac{w[+mC]=IT.GAL4}Hsc70-4[0592-G4],Hsc70-4,,
593,0593 / TM6B,63431,w[1118]; PBac{w[+mC]=IT.GAL4}0593-G4,,CG17154,vers
594,0594 / TM6B,63432,w[1118]; PBac{w[+mC]=IT.GAL4}Nup58[0594-G4],Nup58,,
595,0595 / TM6B,,,,,
596,0596 / CyO,63433,w[1118]; PBac{w[+mC]=IT.GAL4}0596-G4,,Trpm,CG8152
597,0597 / TM6B,77567,w[1118]; PBac{w[+mC]=IT.GAL4}0597-G4,,lncRNA:CR44258,CG31418
598,0598 / TM6B,63434,"w[1118]; PBac{w[+mC]=IT.GAL4}dsx[0598-G4]/TM6B, Tb[1]",dsx,,
599,0599 / CyO,77568,w[1118]; PBac{w[+mC]=IT.GAL4}Fatp2[0599-G4],Fatp2,,
600,0600 / TM6B,64731,w[1118]; PBac{w[+mC]=IT.GAL4}0600-G4,,LpR1,CG17198
601,0601 / TM6B,,,,,
602,0602 / TM6B,77569,w[1118]; PBac{w[+mC]=IT.GAL4}Mic26-27[0602-G4],Mic26-27,,
603,0603 / CyO,63435,w[1118]; PBac{w[+mC]=IT.GAL4}0603-G4,,CG5708,Su(var)2-1
604,0604 / CyO,63436,w[1118]; PBac{w[+mC]=IT.GAL4}0604-G4/CyO,,CG3008,CG15625
605,0605 / CyO,63437,w[1118]; PBac{w[+mC]=IT.GAL4}0605-G4,,nht,esg
606,0606 / TM6B,63438,w[1118]; PBac{w[+mC]=IT.GAL4}enc[0606-G4],enc,,
607,0607 / TM6B,63439,w[1118]; PBac{w[+mC]=IT.GAL4}lncRNA:CR43253[0607-G4],lncRNA:CR43253,,
608,0608 / TM6B,63440,"w[1118]; PBac{w[+mC]=IT.GAL4}drn[0608-G4]/TM6B, Tb[1]",drn,,
609,0609 / CyO,63441,w[1118]; PBac{w[+mC]=IT.GAL4}GstS1[0609-G4],GstS1,,
610,0610 / CyO,63442,w[1118]; PBac{w[+mC]=IT.GAL4}CG9646[0610-G4]/CyO,CG9646,,
611,0611 / CyO,63443,w[1118]; PBac{w[+mC]=IT.GAL4}CG17834[0611-G4],CG17834,,
612,0612 / CyO,63444,w[1118]; PBac{w[+mC]=IT.GAL4}CG34163[0612-G4]/CyO,CG34163,,
613,0613 / TM6B,63445,w[1118]; PBac{w[+mC]=IT.GAL4}mtd[0613-G4],mtd,,
614,0614 / CyO,63446,w[1118]; PBac{w[+mC]=IT.GAL4}Ddr[0614-G4],Ddr,,
615,0615 / TM6B,63447,w[1118]; PBac{w[+mC]=IT.GAL4}dpr9[0615-G4],dpr9,,
616,0616 / CyO,,,,,
617,0617 / TM6B,77570,w[1118]; PBac{w[+mC]=IT.GAL4}0617-G4,,dpr4,CG14708
618,0618 / CyO,63448,w[1118]; PBac{w[+mC]=IT.GAL4}0618-G4/CyO,,CG15225,insc
619,0619 / TM6B,63449,w[1118]; PBac{w[+mC]=IT.GAL4}CG10669[0619-G4],CG10669,,
620,0620 / TM6B,63450,"w[1118]; PBac{w[+mC]=IT.GAL4}CG5151[0620-G4]/TM6B, Tb[1]",CG5151,,
621,0621 / TM6B,64732,w[1118]; PBac{w[+mC]=IT.GAL4}r-l[0621-G4],r-l,,
622,0622 / TM6B,,,,,
623,0623 / TM6B,,,,,
624,0624 / TM6B,63451,w[1118]; PBac{w[+mC]=IT.GAL4}0624-G4,,Drsl4,Drsl5
625,0625 / TM6B,63452,w[1118]; PBac{w[+mC]=IT.GAL4}Trm7-34[0625-G4],Trm7-34,,
626,0626 / CyO,63453,w[1118]; PBac{w[+mC]=IT.GAL4}mdy[0626-G4]/CyO,mdy,,
627,0627 / TM6B,63454,w[1118]; PBac{w[+mC]=IT.GAL4}lama[0627-G4],lama,,
628,0628 / TM6B,64733,w[1118]; PBac{w[+mC]=IT.GAL4}bab1[0628-G4],bab1,,
629,0629 / CyO,63455,w[1118]; PBac{w[+mC]=IT.GAL4}CG10321[0629-G4],CG10321,,
630,0630 / CyO,,,,,
631,0631 / CyO,63725,w[1118]; PBac{w[+mC]=IT.GAL4}CG1407[0631-G4],CG1407,,
632,0632 / TM6B,64734,"w[1118]; PBac{w[+mC]=IT.GAL4}eIF1[0632-G4]/TM6B, Tb[1]",eIF1,,
633,0633 / CyO,63726,w[1118]; PBac{w[+mC]=IT.GAL4}lncRNA:CR46075[0633-G4],lncRNA:CR46075,,
634,0634 / TM6B,63456,w[1118]; PBac{w[+mC]=IT.GAL4}Aldh7A1[0634-G4],Aldh7A1,,
635,0635 / CyO,63457,w[1118]; PBac{w[+mC]=IT.GAL4}Tep2[0635-G4],Tep2,,
636,0636 / CyO,63727,w[1118]; PBac{w[+mC]=IT.GAL4}lncRNA:let7C[0636-G4],lncRNA:let7C,,
637,0637 / CyO,63458,w[1118]; PBac{w[+mC]=IT.GAL4}0637-G4,,C1GalTA,CG31886
638,0638 / TM6B,,,,,
639,0639 / TM6B,63728,w[1118]; PBac{w[+mC]=IT.GAL4}RpL26[0639-G4],RpL26,,
640,0640 / TM6B,63459,"w[1118]; PBac{w[+mC]=IT.GAL4}Pfdn2[0640-G4]/TM6B, Tb[1]",Pfdn2,,
641,0641 / TM6B,63460,"w[1118]; PBac{w[+mC]=IT.GAL4}ntc[0641-G4] CG32264[0641-G4]/TM6B, Tb[1]",CG32264,,
642,0642 / TM6B,64735,w[1118]; PBac{w[+mC]=IT.GAL4}Sms[0642-G4],Sms,,
643,0643 / CyO,63729,w[1118]; PBac{w[+mC]=IT.GAL4}grp[0643-G4] CG31807[0643-G4],CG31807,,
644,0644 / CyO,63461,w[1118]; PBac{w[+mC]=IT.GAL4}boca[0644-G4],boca,,
645,0645 / CyO,63462,w[1118]; PBac{w[+mC]=IT.GAL4}SclA[0645-G4] SclB[0645-G4],SclA,,
646,0646 / CyO,63730,w[1118]; PBac{w[+mC]=IT.GAL4}Dyrk2[0646-G4],Dyrk2,,
647,0647 / CyO,63463,w[1118]; PBac{w[+mC]=IT.GAL4}hts[0647-G4]/CyO,hts,,
648,0648 / CyO,63464,w[1118]; PBac{w[+mC]=IT.GAL4}Orai[0648-G4] olf186-M[0648-G4],Orai,,
649,0649 / TM6B,63465,w[1118]; PBac{w[+mC]=IT.GAL4}Bet1[0649-G4],Bet1,,
650,0650 / TM6B,63466,w[1118]; PBac{w[+mC]=IT.GAL4}hyx[0650-G4],hyx,,
651,0651 / TM6B,63731,w[1118]; PBac{w[+mC]=IT.GAL4}hng3[0651-G4],hng3,,
652,0652 / CyO,63732,w[1118]; PBac{w[+mC]=IT.GAL4}sbb[0652-G4]/CyO,sbb,,
653,0653 / TM6B,63467,w[1118]; PBac{w[+mC]=IT.GAL4}unc80[0653-G4],unc80,,
654,0654 / CyO,63468,w[1118]; PBac{w[+mC]=IT.GAL4}Ac3[0654-G4],Ac3,,
655,0655 / CyO,63733,w[1118]; PBac{w[+mC]=IT.GAL4}wde[0655-G4],wde,,
656,0656 / TM6B,,,,,
657,0657 / CyO,63734,w[1118]; PBac{w[+mC]=IT.GAL4}CG11617[0657-G4],CG11617,,
658,0658 / TM6B,,,,,
659,0659 / TM6B,63469,w[1118]; PBac{w[+mC]=IT.GAL4}0659-G4,,Akt,Sb
660,0660 / TM6B,63470,w[1118]; PBac{w[+mC]=IT.GAL4}qin[0660-G4],qin,,
661,0661 / CyO,63735,w[1118]; PBac{w[+mC]=IT.GAL4}ND-15[0661-G4] CG4822[0661-G4],CG4822,,
662,0662 / CyO,63736,w[1118]; PBac{w[+mC]=IT.GAL4}CG13551[0662-G4],CG13551,,
663,0663 / TM6B,63737,w[1118]; PBac{w[+mC]=IT.GAL4}Moca-cyp[0663-G4],Moca-cyp,,
664,0664 / TM6B,63738,w[1118]; PBac{w[+mC]=IT.GAL4}P5CDh2[0664-G4] CG34148[0664-G4],P5CDh2,,
665,0665 / CyO,63739,w[1118]; PBac{w[+mC]=IT.GAL4}Nadk1a[0665-G4],Nadk1a,,
666,0666 / TM6B,63740,w[1118]; PBac{w[+mC]=IT.GAL4}dpr6[0666-G4],dpr6,,
667,0667 / TM6B,,,,,
668,0668 / TM6B,64736,w[1118]; PBac{w[+mC]=IT.GAL4}SecCl[0668-G4],SecCl,,
669,0669 / TM6B,64737,w[1118]; PBac{w[+mC]=IT.GAL4}Src64B[0669-G4],Src64B,,
670,0670 / TM6B,63471,w[1118]; PBac{w[+mC]=IT.GAL4}Cerk[0670-G4],Cerk,,
671,0671 / TM6B,63472,"w[1118]; PBac{w[+mC]=IT.GAL4}CG11357[0671-G4]/TM6B, Tb[1]",CG11357,,
672,0672 / TM6B,64078,w[1118]; PBac{w[+mC]=IT.GAL4}Pka-R1[0672-G4],Pka-R1,,
673,0673 / TM6B,63473,w[1118]; PBac{w[+mC]=IT.GAL4}pum[0673-G4],pum,,
674,0674 / TM6B,63474,"w[1118]; PBac{w[+mC]=IT.GAL4}CG31523[0674-G4]/TM6B, Tb[1]",CG31523,,
675,0675 / CyO,77571,w[1118]; PBac{w[+mC]=IT.GAL4}PRL-1[0675-G4]/CyO,PRL-1,,
676,0676 / CyO,63475,w[1118]; PBac{w[+mC]=IT.GAL4}MFS3[0676-G4],MFS3,,
677,0677 / CyO,63741,w[1118]; PBac{w[+mC]=IT.GAL4}0677-G4,,lncRNA:acal,psq
678,0678 / TM6B,63476,w[1118]; PBac{w[+mC]=IT.GAL4}CG42674[0678-G4],CG42674,,
679,0679 / TM6B,64079,w[1118]; PBac{w[+mC]=IT.GAL4}Invadolysin[0679-G4],Invadolysin,,
680,0680 / TM6B,63742,"w[1118]; PBac{w[+mC]=IT.GAL4}Eip75B[0680-G4]/TM6B, Tb[1]",Eip75B,,
681,0681 / TM6B,63743,w[1118]; PBac{w[+mC]=IT.GAL4}plh[0681-G4],plh,,
682,0682 / TM6B,63477,"w[1118]; PBac{w[+mC]=IT.GAL4}ko[0682-G4]/TM6B, Tb[1]",ko,,
683,0683 / CyO,63478,w[1118]; PBac{w[+mC]=IT.GAL4}udd[0683-G4],udd,,
684,0684 / TM6B,63479,w[1118]; PBac{w[+mC]=IT.GAL4}CG32373[0684-G4] CG7457[0684-G4],CG32373,,
685,0685 / CyO,,,,,
686,0686 / TM6B,63480,w[1118]; PBac{w[+mC]=IT.GAL4}Cyp4d8[0686-G4],Cyp4d8,,
687,0687 / TM6B,63744,w[1118]; PBac{w[+mC]=IT.GAL4}0687-G4,,e,CG5892
688,0688 / CyO,63745,w[1118]; PBac{w[+mC]=IT.GAL4}0688-G4,,lola,lncRNA:acal
689,0689 / CyO,63746,w[1118]; PBac{w[+mC]=IT.GAL4}luna[0689-G4]/CyO,luna,,
690,0690 / TM6B,64738,w[1118]; PBac{w[+mC]=IT.GAL4}0690-G4,,CG4213,Polr1B
691,0691 / CyO,63747,w[1118]; PBac{w[+mC]=IT.GAL4}bru2[0691-G4]/CyO,bru2,,
692,0692 / TM6B,64739,"w[1118]; PBac{w[+mC]=IT.GAL4}heca[0692-G4]/TM6B, Tb[1]",heca,,
693,0693 / TM6B,63748,w[1118]; PBac{w[+mC]=IT.GAL4}0693-G4,,LanA,CG33946
694,0694 / CyO,64740,w[1118]; PBac{w[+mC]=IT.GAL4}0694-G4,,CG8204,CG42524
695,0695 / TM6B,64080,w[1118]; PBac{w[+mC]=IT.GAL4}lncRNA:CR45557[0695-G4],lncRNA:CR45557,,
696,0696 / TM6B,63749,w[1118]; PBac{w[+mC]=IT.GAL4}S6k[0696-G4],S6k,,
697,0697 / CyO,63750,w[1118]; PBac{w[+mC]=IT.GAL4}ush[0697-G4],ush,,
698,0698 / CyO,,,,,
699,0699 / TM6B,63481,w[1118]; PBac{w[+mC]=IT.GAL4}Pitslre[0699-G4],Pitslre,,
700,0700 / CyO,63751,w[1118]; PBac{w[+mC]=IT.GAL4}psq[0700-G4]/CyO,psq,,
701,0701 / CyO,77572,w[1118]; PBac{w[+mC]=IT.GAL4}0701-G4,,dUTPase,Samuel
702,0702 / TM6B,77573,"w[1118]; PBac{w[+mC]=IT.GAL4}RhoGEF3[0702-G4]/TM6B, Tb[1]",RhoGEF3,,
703,0703 / CyO,,,,,
704,0704 / TM6B,64081,w[1118]; PBac{w[+mC]=IT.GAL4}0704-G4,,,
705,0705 / CyO,63752,w[1118]; PBac{w[+mC]=IT.GAL4}Cda5[0705-G4],Cda5,,
706,0706 / TM6B,63482,w[1118]; PBac{w[+mC]=IT.GAL4}CG8500[0706-G4],CG8500,,
707,0707 / CyO,63483,w[1118]; PBac{w[+mC]=IT.GAL4}0707-G4,,lncRNA:CR44630,lncRNA:CR44631
708,0708 / TM6B,64741,"w[1118]; PBac{w[+mC]=IT.GAL4}Alh[0708-G4] /TM6B, Tb[1]",Alh,,
709,0709 / TM6B,63484,w[1118]; PBac{w[+mC]=IT.GAL4}Tgi[0709-G4],Tgi,,
710,0710 / CyO,63485,w[1118]; PBac{w[+mC]=IT.GAL4}0710-G4,,lncRNA:acal,psq
711,0711 / CyO,63753,w[1118]; PBac{w[+mC]=IT.GAL4}Hr3[0711-G4] CG12912[0711-G4]/CyO,Hr3,,
712,0712 / TM6B,63486,"w[1118]; PBac{w[+mC]=IT.GAL4}Atpalpha[0712-G4]/TM6B, Tb[1]",Atpalpha,,
713,0713 / CyO,63754,w[1118]; PBac{w[+mC]=IT.GAL4}0713-G4,,CG44139,lncRNA:CR44912
714,0714 / CyO,63755,w[1118]; PBac{w[+mC]=IT.GAL4}CG7997[0714-G4],CG7997,,
715,0715 / TM6B,63756,w[1118]; PBac{w[+mC]=IT.GAL4}modSP[0715-G4],modSP,,
716,0716 / CyO,63757,w[1118]; PBac{w[+mC]=IT.GAL4}ena[0716-G4]/CyO,ena,,
717,0717 / CyO,63758,w[1118]; PBac{w[+mC]=IT.GAL4}Pgant9[0717-G4],Pgant9,,
718,0718 / TM6B,63487,w[1118]; PBac{w[+mC]=IT.GAL4}jumu[0718-G4],jumu,,
719,0719 / TM6B,63488,w[1118]; PBac{w[+mC]=IT.GAL4}CRAT[0719-G4],CRAT,,
720,0720 / CyO,63489,w[1118]; PBac{w[+mC]=IT.GAL4}Cap-D3[0720-G4] CG31915[0720-G4]/CyO,CG31915,,
721,0721 / TM6B,63759,w[1118]; PBac{w[+mC]=IT.GAL4}Polr3H[0721-G4],Polr3H,,
722,0722 / TM6B,63760,w[1118]; PBac{w[+mC]=IT.GAL4}Hrb98DE[0722-G4],Hrb98DE,,
723,0723 / CyO,63761,w[1118]; PBac{w[+mC]=IT.GAL4}CG5888[0723-G4]/CyO,CG5888,,
724,0724 / CyO,,,,,
725,0725 / CyO,77574,w[1118]; PBac{w[+mC]=IT.GAL4}CG6431[0725-G4],CG6431,,
726,0726 / TM6B,63762,w[1118]; PBac{w[+mC]=IT.GAL4}InR[0726-G4],InR,,
727,0727 / TM6B,63763,w[1118]; PBac{w[+mC]=IT.GAL4}NKCC[0727-G4],NKCC,,
728,0728 / CyO,63764,w[1118]; PBac{w[+mC]=IT.GAL4}pes[0728-G4],pes,,
729,0729 / CyO,77575,w[1118]; PBac{w[+mC]=IT.GAL4}0729-G4,,Adk3,Gadd45
730,0730 / TM6B,,,,,
731,0731 / TM6B,63490,w[1118]; PBac{w[+mC]=IT.GAL4}CG18281[0731-G4] CG32425[0731-G4],CG18281,,
732,0732 / TM6B,,,,,
733,0733 / CyO,63491,w[1118]; PBac{w[+mC]=IT.GAL4}bin3[0733-G4],bin3,,
734,0734 / CyO,63765,w[1118]; PBac{w[+mC]=IT.GAL4}Msp300[0734-G4],Msp300,,
735,0735 / TM6B,77576,w[1118]; PBac{w[+mC]=IT.GAL4}Mic26-27[0735-G4],Mic26-27,,
736,0736 / CyO,63492,w[1118]; PBac{w[+mC]=IT.GAL4}Src42A[0736-G4],Src42A,,
737,0737 / TM6B,77577,w[1118]; PBac{w[+mC]=IT.GAL4}Crz[0737-G4],Crz,,
738,0738 / TM6B,77578,w[1118]; PBac{w[+mC]=IT.GAL4}CG3961[0738-G4],CG3961,,
739,0739 / TM6B,64082,w[1118]; PBac{w[+mC]=IT.GAL4}0739-G4,,,
740,0740 / TM6B,63766,w[1118]; PBac{w[+mC]=IT.GAL4}CG42813[0740-G4],CG42813,,
741,0741 / CyO,63767,w[1118]; PBac{w[+mC]=IT.GAL4}peo[0741-G4],peo,,
742,0742 / CyO,63768,w[1118]; PBac{w[+mC]=IT.GAL4}Lrch[0742-G4],Lrch,,
743,0743 / TM6B,63769,w[1118]; PBac{w[+mC]=IT.GAL4}RpS19b[0743-G4],RpS19b,,
744,0744 / TM6B,63770,w[1118]; PBac{w[+mC]=IT.GAL4}lncRNA:bxd[0744-G4],lncRNA:bxd,,
745,0745 / CyO,63771,w[1118]; PBac{w[+mC]=IT.GAL4}grp[0745-G4]/CyO,grp,,
746,0746 / TM6B,64742,"w[1118]; PBac{w[+mC]=IT.GAL4}Calx[0746-G4]/TM6B, Tb[1]",Calx,,
747,0747 / TM6B,63493,w[1118]; PBac{w[+mC]=IT.GAL4}CG3386[0747-G4],CG3386,,
748,0748 / CyO,63494,w[1118]; PBac{w[+mC]=IT.GAL4}retm[0748-G4],retm,,
749,0749 / TM6B,63772,w[1118]; PBac{w[+mC]=IT.GAL4}CG32280[0749-G4],CG32280,,
750,0750 / CyO,63495,w[1118]; PBac{w[+mC]=IT.GAL4}Sema1a[0750-G4],Sema1a,,
751,0751 / TM6B,63496,"w[1118]; PBac{w[+mC]=IT.GAL4}Rrp5[0751-G4]/TM6B, Tb[1]",Rrp5,,
752,0752 / TM6B,63497,w[1118]; PBac{w[+mC]=IT.GAL4}0752-G4,,HGTX,shd
753,0753 / TM6B,63498,w[1118]; PBac{w[+mC]=IT.GAL4}CG8066[0753-G4],CG8066,,
754,0754 / CyO,63823,w[1118]; PBac{w[+mC]=IT.GAL4}CG30419[0754-G4]/CyO,CG30419,,
755,0755 / TM6B,,,,,
756,0756 / TM6B,63499,w[1118]; PBac{w[+mC]=IT.GAL4}mub[0756-G4],mub,,
757,0757 / TM6B,63500,w[1118]; PBac{w[+mC]=IT.GAL4}Desat1[0757-G4],Desat1,,
758,0758 / TM6B,63501,w[1118]; PBac{w[+mC]=IT.GAL4}Gtpbp2[0758-G4],Gtpbp2,,
759,0759 / CyO,,,,,
760,0760 / TM6B,63502,"w[1118]; PBac{w[+mC]=IT.GAL4}MsrA[0760-G4]/TM6B, Tb[1]",MsrA,,
761,0761 / TM6B,63773,w[1118]; PBac{w[+mC]=IT.GAL4}CG1103[0761-G4],CG1103,,
762,0762 / CyO,63503,w[1118]; PBac{w[+mC]=IT.GAL4}0762-G4,,osp,CG15282
763,0763 / TM6B,63504,w[1118]; PBac{w[+mC]=IT.GAL4}Tkt[0763-G4],Tkt,,
764,0764 / TM6B,64743,w[1118]; PBac{w[+mC]=IT.GAL4}Dab[0764-G4],Dab,,
765,0765 / TM6B,63505,w[1118]; PBac{w[+mC]=IT.GAL4}0765-G4,,lncRNA:CR45424,CG43389
766,0766 / CyO,63506,w[1118]; PBac{w[+mC]=IT.GAL4}0766-G4,,CG9294,comr
767,0767 / TM6B,63507,w[1118]; PBac{w[+mC]=IT.GAL4}0767-G4,,CR33283,CG12984
768,0768 / TM6B,63508,"w[1118]; PBac{w[+mC]=IT.GAL4}Sac1[0768-G4]/TM6B, Tb[1]",Sac1,,
769,0769 / TM6B,63509,"w[1118]; PBac{w[+mC]=IT.GAL4}puc[0769-G4]/TM6B, Tb[1]",puc,,
770,0770 / CyO,63774,w[1118]; PBac{w[+mC]=IT.GAL4}0770-G4,,lncRNA:CR44994,Tpr2
771,0771 / CyO,63775,w[1118]; PBac{w[+mC]=IT.GAL4}CG16974[0771-G4]/CyO,CG16974,,
772,0772 / TM6B,63776,w[1118]; PBac{w[+mC]=IT.GAL4}0772-G4,,lncRNA:CR45576,hth
773,0773 / TM6B,63510,"w[1118]; PBac{w[+mC]=IT.GAL4}Meltrin[0773-G4]/TM6B, Tb[1]",Meltrin,,
774,0774 / TM6B,63777,w[1118]; PBac{w[+mC]=IT.GAL4}Oct-TyrR[0774-G4],Oct-TyrR,,
775,0775 / TM6B,63511,"w[1118]; PBac{w[+mC]=IT.GAL4}CG7985[0775-G4]/TM6B, Tb[1]",CG7985,,
776,0776 / TM6B,63512,"w[1118]; PBac{w[+mC]=IT.GAL4}0776-G4/TM6B, Tb[1]",,CG44013,CG31296
777,0777 / CyO,63778,w[1118]; PBac{w[+mC]=IT.GAL4}B4[0777-G4],B4,,
778,0778 / CyO,63513,w[1118]; PBac{w[+mC]=IT.GAL4}CG42748[0778-G4],CG42748,,
779,0779 / CyO,63779,w[1118]; PBac{w[+mC]=IT.GAL4}B4[0779-G4],B4,,
780,0780 / TM6B,63780,w[1118]; PBac{w[+mC]=IT.GAL4}0780-G4,,lncRNA:CR45444,CrzR
781,0781 / CyO,63781,w[1118]; PBac{w[+mC]=IT.GAL4}grp[0781-G4],grp,,
782,0782 / CyO,63514,w[1118]; PBac{w[+mC]=IT.GAL4}Ufd4[0782-G4]/CyO,Ufd4,,
783,0783 / TM6B,63515,w[1118]; PBac{w[+mC]=IT.GAL4}Dop1R2[0783-G4],Dop1R2,,
784,0784 / CyO,63516,w[1118]; PBac{w[+mC]=IT.GAL4}0784-G4,,LBR,lncRNA:CR44750
785,0785 / TM6B,63517,"w[1118]; PBac{w[+mC]=IT.GAL4}CG4743[0785-G4]/TM6B, Tb[1]",CG4743,,
786,0786 / TM6B,,,,,
787,0787 / TM6B,63782,w[1118]; PBac{w[+mC]=IT.GAL4}Tsp97E[0787-G4],Tsp97E,,
788,0788 / CyO,63783,w[1118]; PBac{w[+mC]=IT.GAL4}0788-G4,,CG17580,lncRNA:CR44453
789,0789 / CyO,63784,w[1118]; PBac{w[+mC]=IT.GAL4}ND-15[0789-G4] lncRNA:CR44185[0789-G4],lncRNA:CR44185,,
790,0790 / CyO,63518,w[1118]; PBac{w[+mC]=IT.GAL4}Cep97[0790-G4]/CyO,Cep97,,
791,0791 / CyO,63785,w[1118]; PBac{w[+mC]=IT.GAL4}0791-G4,,tRNA:Pro-AGG-1-6,tRNA:Pro-AGG-1-7
792,0792 / CyO,77579,w[1118]; PBac{w[+mC]=IT.GAL4}0792-G4,,CR43670,CG31808
793,0793 / TM6B,63519,w[1118]; PBac{w[+mC]=IT.GAL4}0793-G4,,lncRNA:CR44953,kay
794,0794 / TM6B,63786,w[1118]; PBac{w[+mC]=IT.GAL4}cwo[0794-G4],cwo,,
795,0795 / CyO,63520,w[1118]; PBac{w[+mC]=IT.GAL4}0795-G4,,CG10651,lncRNA:CR40341
796,0796 / CyO,63787,w[1118]; PBac{w[+mC]=IT.GAL4}Pde1c[0796-G4],Pde1c,,
797,0797 / CyO,63788,w[1118]; PBac{w[+mC]=IT.GAL4}0797-G4/CyO,,Tsp39D,dtr
798,0798 / CyO,64744,w[1118]; PBac{w[+mC]=IT.GAL4}CG30158[0798-G4],CG30158,,
799,0799 / CyO,63521,w[1118]; PBac{w[+mC]=IT.GAL4}blo[0799-G4]/CyO,blo,,
800,0800 / TM6B,64745,w[1118]; PBac{w[+mC]=IT.GAL4}0800-G4,,lncRNA:CR31044,eEF1gamma
801,801 (I),,,,,
802,802 (I),63824,w[1118] PBac{w[+mC]=IT.GAL4}lncRNA:CR46499[0802-G4],lncRNA:CR46499,,
803,0803 (I),77580,w[1118] PBac{w[+mC]=IT.GAL4}Sdic4[0803-G4],Sdic4,,
804,0804 (I),63825,PBac{w[+mC]=IT.GAL4}CG32816[0804-G4] w[1118],CG32816,,
805,0805 (I),77581,w[1118] PBac{w[+mC]=IT.GAL4}bif[0805-G4],bif,,
806,0806 (I),,,,,
807,0807 (I),63826,w[1118] PBac{w[+mC]=IT.GAL4}CG10803[0807-G4] lncRNA:CR44999[0807-G4],lncRNA:CR44999,,
808,0808 (I),63827,w[1118] PBac{w[+mC]=IT.GAL4}Septin4[0808-G4],Septin4,,
809,0809 (I),63828,w[1118] PBac{w[+mC]=IT.GAL4}CG5004[0809-G4],CG5004,,
810,0810 (I),63829,w[1118] PBac{w[+mC]=IT.GAL4}lncRNA:CR32773[0810-G4],lncRNA:CR32773,,
811,0811 (I),63830,w[1118] PBac{w[+mC]=IT.GAL4}lncRNA:CR45668[0811-G4],lncRNA:CR45668,,
812,0812 (I),63831,w[1118] PBac{w[+mC]=IT.GAL4}pico[0812-G4]; l(2)*[*]/CyO,pico,,
813,0813 (I),,,,,
814,0814 (IV),,,,,
815,0815 (I),64047,w[1118] PBac{w[+mC]=IT.GAL4}Cyp6v1[0815-G4],Cyp6v1,,
816,0816 (I),64048,w[1118] PBac{w[+mC]=IT.GAL4}kek5[0816-G4],kek5,,
817,0817 (I),,,,,
818,0818 / CyO,63832,w[1118]; PBac{w[+mC]=IT.GAL4}zda[0818-G4],zda,,
819,0819 / CyO,,,,,
820,0820 / TM6B,,,,,
821,0821 / TM6B,63833,"w[1118]; PBac{w[+mC]=IT.GAL4}CG1103[0821-G4]/TM6B, Tb[1]",CG1103,,
822,0822 / TM6B,,,,,
823,0823 / TM6B,,,,,
824,0824 / TM6B,63834,w[1118]; PBac{w[+mC]=IT.GAL4}0824-G4,,lncRNA:CR45399,lncRNA:CR44561
825,0825 / TM6B,,,,,
826,0826 / TM6B,,,,,
827,0827 / TM6B,63835,w[1118]; PBac{w[+mC]=IT.GAL4}CG6607[0827-G4],CG6607,,
828,0828 / TM6B,63836,"w[1118]; PBac{w[+mC]=IT.GAL4}0828-G4/TM6B, Tb[1]",,Dyro,CG7573
829,0829 / TM6B,63837,"w[1118]; PBac{w[+mC]=IT.GAL4}gish[0829-G4]/TM6B, Tb[1]",gish,,
830,0830 / CyO,63838,w[1118]; PBac{w[+mC]=IT.GAL4}CG12129[0830-G4],CG12129,,
831,0831 / TM6B,63839,w[1118]; PBac{w[+mC]=IT.GAL4}0831-G4,,eIF3f1,lncRNA:CR44923
832,0832 / TM6B,63840,w[1118]; PBac{w[+mC]=IT.GAL4}Desat1[0832-G4],Desat1,,
833,0833 / CyO,63841,w[1118]; PBac{w[+mC]=IT.GAL4}Gdap2[0833-G4],Gdap2,,
834,0834 / CyO,63842,w[1118]; PBac{w[+mC]=IT.GAL4}Mef2[0834-G4],Mef2,,
835,0835 / CyO,77582,w[1118]; PBac{w[+mC]=IT.GAL4}0835-G4,,Vps51,lncRNA:CR33942
836,0836 / CyO,63843,w[1118]; PBac{w[+mC]=IT.GAL4}peo[0836-G4],peo,,
837,0837 / CyO,63844,w[1118]; PBac{w[+mC]=IT.GAL4}jing[0837-G4]/CyO,jing,,
838,0838 / TM6B,,,,,
839,0839 / TM6B,63845,w[1118]; PBac{w[+mC]=IT.GAL4}0839-G4,,lncRNA:CR44953,kay
840,0840 / TM6B,63846,w[1118]; PBac{w[+mC]=IT.GAL4}Msr-110[0840-G4],Msr-110,,
841,0841 / CyO,63847,w[1118]; PBac{w[+mC]=IT.GAL4}CG42238[0841-G4]/CyO,CG42238,,
842,0842 (I),63848,w[1118] PBac{w[+mC]=IT.GAL4}rdgB[0842-G4],rdgB,,
843,0843 (I),64084,w[1118] PBac{w[+mC]=IT.GAL4}CG34323[0843-G4],CG34323,,
844,0844 (I),63849,w[1118] PBac{w[+mC]=IT.GAL4}0844-G4,,Crg-1,CR33221
845,0845 / TM6B,,,,,
846,0846 / TM6B,63850,w[1118]; PBac{w[+mC]=IT.GAL4}SKIP[0846-G4] lncRNA:CR45224[0846-G4],SKIP,,
847,0847 / CyO,,,,,
848,0848 / TM6B,63851,w[1118]; PBac{w[+mC]=IT.GAL4}Mgat2[0848-G4],Mgat2,,
849,0849 / CyO,,,,,
850,0850 / CyO,63852,w[1118]; PBac{w[+mC]=IT.GAL4}Asap[0850-G4],Asap,,
851,0851 / TM6B,,,,,
852,0852 / TM6B,,,,,
853,0853 / TM6B,,,,,
854,0854 / TM6B,,,,,
855,0855 / TM6B,63854,w[1118]; PBac{w[+mC]=IT.GAL4}0855-G4,,Rich,Ddx1
856,0856 / TM6B,64049,w[1118]; PBac{w[+mC]=IT.GAL4}heph[0856-G4],heph,,
857,0857 / CyO,63855,w[1118]; PBac{w[+mC]=IT.GAL4}milt[0857-G4],milt,,
858,0858 / CyO,,,,,
859,0859 / CyO,,,,,
860,0860 / CyO,63856,w[1118]; PBac{w[+mC]=IT.GAL4}0860-G4,,lncRNA:CR45148,shg
861,0861 / CyO,63857,w[1118]; PBac{w[+mC]=IT.GAL4}tweek[0861-G4] CG42556[0861-G4]/CyO,CG42556,,
862,0862 / TM6B,63858,w[1118]; PBac{w[+mC]=IT.GAL4}0862-G4,,Ir67c,Gem3
863,0863 / TM6B,63859,w[1118]; PBac{w[+mC]=IT.GAL4}0863-G4,,ZC3H3,Pus7
864,0864 / TM6B,63860,w[1118]; PBac{w[+mC]=IT.GAL4}CG1750[0864-G4],CG1750,,
865,0865 / TM6B,63861,"w[1118]; PBac{w[+mC]=IT.GAL4}0865-G4/TM6B, Tb[1]",,lncRNA:CR46119,gammaCOP
866,0866 / TM6B,,,,,
867,0867 / TM6B,,,,,
868,0868 / TM6B,63862,"w[1118]; PBac{w[+mC]=IT.GAL4}Polr2G[0868-G4]/TM6B, Tb[1]",Polr2G,,
869,0869 / TM6B,63863,w[1118]; PBac{w[+mC]=IT.GAL4}wnd[0869-G4],wnd,,
870,0870 / CyO,63864,w[1118]; PBac{w[+mC]=IT.GAL4}Caf1-105[0870-G4]/CyO,Caf1-105,,
871,0871 / TM6B,63865,w[1118]; PBac{w[+mC]=IT.GAL4}0871-G4,,lncRNA:CR46142,PIG-H
872,0872 / CyO,63866,w[1118]; PBac{w[+mC]=IT.GAL4}mRpL54[0872-G4]/CyO,mRpL54,,
873,0873 / TM6B,63867,w[1118]; PBac{w[+mC]=IT.GAL4}stg[0873-G4],stg,,
874,0874 / TM6B,77583,w[1118]; PBac{w[+mC]=IT.GAL4}Ugp[0874-G4],Ugp,,
875,0875 / TM6B,,,,,
876,0876 / TM6B,63868,w[1118]; PBac{w[+mC]=IT.GAL4}RhoGEF3[0876-G4],RhoGEF3,,
877,0877 / TM6B,,,,,
878,0878 / CyO,,,,,
879,0879 / CyO,,,,,
880,0880 / TM6B,,,,,
881,0881 / CyO,63869,w[1118]; PBac{w[+mC]=IT.GAL4}Reph[0881-G4],Reph,,
882,0882 / CyO,63870,w[1118]; PBac{w[+mC]=IT.GAL4}asRNA:CR45350[0882-G4],asRNA:CR45350,,
883,0883 / TM6B,63871,w[1118]; PBac{w[+mC]=IT.GAL4}pum[0883-G4] lncRNA:CR45196[0883-G4],pum,,
884,0884 / TM6B,,,,,
885,0885 / CyO,63872,w[1118]; PBac{w[+mC]=IT.GAL4}0885-G4,,nrv3,His-Psi:CR31616
886,0886 / CyO,63873,w[1118]; PBac{w[+mC]=IT.GAL4}0886-G4/CyO,,tRNA:Thr-TGT-2-2,tRNA:Thr-TGT-2-3
887,0887 / CyO,63874,w[1118]; PBac{w[+mC]=IT.GAL4}RpS16[0887-G4]/CyO,RpS16,,
888,0888 / CyO,,,,,
889,0889 / TM6B,,,,,
890,0890 / TM6B,63875,w[1118]; PBac{w[+mC]=IT.GAL4}Ugp[0890-G4],Ugp,,
891,0891 / TM6B,63876,w[1118]; PBac{w[+mC]=IT.GAL4}CG13627[0891-G4],CG13627,,
892,0892 / CyO,63877,w[1118]; PBac{w[+mC]=IT.GAL4}Jheh3[0892-G4],Jheh3,,
893,0893 / TM6B,63878,w[1118]; PBac{w[+mC]=IT.GAL4}0893-G4,,lncRNA:CR46113,heca
894,0894 / TM6B,63879,w[1118]; PBac{w[+mC]=IT.GAL4}caps[0894-G4],caps,,
895,0895 / TM6B,,,,,
896,0896 / CyO,,,,,
897,0897 / CyO,63880,w[1118]; PBac{w[+mC]=IT.GAL4}Tes[0897-G4],Tes,,
898,0898 / CyO,63881,w[1118]; PBac{w[+mC]=IT.GAL4}Cka[0898-G4] CG7367[0898-G4]/CyO,CG7367,,
899,0899 / CyO,77584,w[1118]; PBac{w[+mC]=IT.GAL4}dgt5[0899-G4]/CyO,dgt5,,
900,0900 / CyO,,,,,
901,0901 / TM6B,63882,"w[1118]; PBac{w[+mC]=IT.GAL4}CG15922[0901-G4] CG5180[0901-G4]/TM6B, Tb[1]",CG15922,,
902,0902 / CyO,63883,w[1118]; PBac{w[+mC]=IT.GAL4}holn1[0902-G4]/CyO,holn1,,
903,0903 / TM6B,63884,w[1118]; PBac{w[+mC]=IT.GAL4}CG7458[0903-G4],CG7458,,
904,0904 / CyO,63885,w[1118]; PBac{w[+mC]=IT.GAL4}smog[0904-G4],smog,,
905,0905 / CyO,63886,w[1118]; PBac{w[+mC]=IT.GAL4}ix[0905-G4]/CyO,ix,,
906,0906 / CyO,63887,w[1118]; PBac{w[+mC]=IT.GAL4}sano[0906-G4]/CyO,sano,,
907,0907 / TM6B,63888,w[1118]; PBac{w[+mC]=IT.GAL4}ps[0907-G4],ps,,
908,0908 / TM6B,64050,"w[1118]; PBac{w[+mC]=IT.GAL4}Cdc6[0908-G4] Zasp66[0908-G4]/TM6B, Tb[1]",Cdc6,,
909,0909 / TM6B,,,,,
910,0910 / CyO,63889,w[1118]; PBac{w[+mC]=IT.GAL4}CG4646[0910-G4],CG4646,,
911,0911 / TM6B,63890,w[1118]; PBac{w[+mC]=IT.GAL4}0911-G4,,lncRNA:CR14310,lncRNA:CR44946
912,0912 / TM6B,63891,w[1118]; PBac{w[+mC]=IT.GAL4}0912-G4,,lncRNA:CR45400,Pdk1
913,0913 / TM6B,63892,w[1118]; PBac{w[+mC]=IT.GAL4}0913-G4,,CHKov2,CG10669
914,0914 / CyO,64083,w[1118]; PBac{w[+mC]=IT.GAL4}magu[0914-G4],magu,,
915,0915 / TM6B,63893,"w[1118]; PBac{w[+mC]=IT.GAL4}CG13733[0915-G4]/TM6B, Tb[1]",CG13733,,
916,0916 / TM6B,63894,w[1118]; PBac{w[+mC]=IT.GAL4}JIL-1[0916-G4],JIL-1,,
917,0917 / TM6B,63895,w[1118]; PBac{w[+mC]=IT.GAL4}CG14907[0917-G4],CG14907,,
918,0918 / CyO,63896,w[1118]; PBac{w[+mC]=IT.GAL4}Dtymk[0918-G4]/CyO,Dtymk,,
919,0919 / TM6B,63897,w[1118]; PBac{w[+mC]=IT.GAL4}Uhg8[0919-G4],Uhg8,,
920,0920 / CyO,63898,w[1118]; PBac{w[+mC]=IT.GAL4}toc[0920-G4],toc,,
921,0921 / TM6B,,,,,
922,0922 / CyO,63899,w[1118]; PBac{w[+mC]=IT.GAL4}0922-G4,,RYa,uex
923,0923 / CyO,63900,w[1118]; PBac{w[+mC]=IT.GAL4}sm[0923-G4]/CyO,sm,,
924,0924 / TM6B,63901,w[1118]; PBac{w[+mC]=IT.GAL4}BtbVII[0924-G4],BtbVII,,
925,0925 / TM6B,,,,,
926,0926 / TM6B,63902,w[1118]; PBac{w[+mC]=IT.GAL4}MYPT-75D[0926-G4],MYPT-75D,,
927,0927 / TM6B,63903,w[1118]; PBac{w[+mC]=IT.GAL4}0927-G4,,stg,CG45544
928,0928 / TM6B,63904,w[1118]; PBac{w[+mC]=IT.GAL4}Pxd[0928-G4],Pxd,,
929,0929 / TM6B,,,,,
930,0930 / TM6B,63905,w[1118]; PBac{w[+mC]=IT.GAL4}tara[0930-G4],tara,,
931,0931 / TM6B,63906,"w[1118]; PBac{w[+mC]=IT.GAL4}CG6136[0931-G4]/TM6B, Tb[1]",CG6136,,
932,0932 / TM6B,63907,w[1118]; PBac{w[+mC]=IT.GAL4}M1BP[0932-G4],M1BP,,
933,0933 / CyO,63908,w[1118]; PBac{w[+mC]=IT.GAL4}Gr39a[0933-G4] Mondo[0933-G4],Mondo,,
934,0934 / CyO,,,,,
935,0935 / CyO,,,,,
936,0936 / TM6B,63909,"w[1118]; PBac{w[+mC]=IT.GAL4}Tudor-SN[0936-G4]/TM6B, Tb[1]",Tudor-SN,,
937,0937 / TM6B,63910,w[1118]; PBac{w[+mC]=IT.GAL4}gish[0937-G4],gish,,
938,0938 / TM6B,,,,,
939,0939 / TM6B,,,,,
940,0940 / TM6B,63911,w[1118]; PBac{w[+mC]=IT.GAL4}0940-G4,,Gr93a,Gr93b
941,0941 / TM6B,63912,w[1118]; PBac{w[+mC]=IT.GAL4}lama[0941-G4],lama,,
942,0942 / TM6B,63913,"w[1118]; PBac{w[+mC]=IT.GAL4}Rap1[0942-G4]/TM6B, Tb[1]",Rap1,,
943,0943 / TM6B,63914,w[1118]; PBac{w[+mC]=IT.GAL4}mod(mdg4)[0943-G4] pre-mod(mdg4)-AB[0943-G4] pre-mod(mdg4)-C[0943-G4] pre-mod(mdg4)-E[0943-G4],pre-mod(mdg4)-E,,
944,0944 / CyO,63915,w[1118]; PBac{w[+mC]=IT.GAL4}Strica[0944-G4],Strica,,
945,0945 / CyO,63916,w[1118]; PBac{w[+mC]=IT.GAL4}0945-G4,,CG43325,CG13510
946,0946 / TM6B,63917,w[1118]; PBac{w[+mC]=IT.GAL4}pyd[0946-G4],pyd,,
947,0947 / TM6B,63918,w[1118]; PBac{w[+mC]=IT.GAL4}heca[0947-G4],heca,,
948,0948 / TM6B,63919,"w[1118]; PBac{w[+mC]=IT.GAL4}twr[0948-G4]/TM6B, Tb[1]",twr,,
949,0949 / TM6B,64051,w[1118]; PBac{w[+mC]=IT.GAL4}CG33062[0949-G4],CG33062,,
950,0950 / TM6B,63920,w[1118]; PBac{w[+mC]=IT.GAL4}Rbp6[0950-G4],Rbp6,,
951,0951 / TM6B,,,,,
952,0952 (I),63921,w[1118] PBac{w[+mC]=IT.GAL4}CG3842[0952-G4],CG3842,,
953,0953 (I),63922,w[1118] PBac{w[+mC]=IT.GAL4}lncRNA:CR44619[0953-G4],lncRNA:CR44619,,
954,0954 (I),63923,w[1118] PBac{w[+mC]=IT.GAL4}Hers[0954-G4],Hers,,
955,0955 (I),63924,PBac{w[+mC]=IT.GAL4}kirre[0955-G4] CG32795[0955-G4] w[1118],kirre,,
956,0956 (I),,,,,
957,0957 / CyO,63925,w[1118]; PBac{w[+mC]=IT.GAL4}0957-G4/CyO,,salm,sala
958,0958 / TM6B,63926,w[1118]; PBac{w[+mC]=IT.GAL4}jim[0958-G4],jim,,
959,0959 / TM6B,63927,"w[1118]; PBac{w[+mC]=IT.GAL4}0959-G4/TM6B, Tb[1]",,lncRNA:CR45407,Ae2
960,0960 / CyO,63928,w[1118]; PBac{w[+mC]=IT.GAL4}drl[0960-G4],drl,,
961,0961 / TM6B,,,,,
962,0962 / CyO,63929,w[1118]; PBac{w[+mC]=IT.GAL4}Sema1a[0962-G4]/CyO,Sema1a,,
963,0963 / TM6B,63930,"w[1118]; PBac{w[+mC]=IT.GAL4}CG7512[0963-G4]/TM6B, Tb[1]",CG7512,,
964,0964 / CyO,63931,w[1118]; PBac{w[+mC]=IT.GAL4}0964-G4,,Rpe,boca
965,0965 / TM6B,63932,w[1118]; PBac{w[+mC]=IT.GAL4}0965-G4,,CG32354,Cbl
966,0966 / TM6B,64052,w[1118]; PBac{w[+mC]=IT.GAL4}Dop1R1[0966-G4],Dop1R1,,
967,0967 (I),77585,PBac{w[+mC]=IT.GAL4}kirre[0967-G4] w[1118],kirre,,
968,0968 (I),,,,,
969,0969 (I),77586,PBac{w[+mC]=IT.GAL4}kirre[0969-G4] CG32795[0969-G4] w[1118],CG32795,,
970,0970 (I),63933,w[1118] PBac{w[+mC]=IT.GAL4}kirre[0970-G4],kirre,,
971,0971 (I),63934,w[1118] PBac{w[+mC]=IT.GAL4}CG12112[0971-G4],CG12112,,
972,0972 (I),,,,,
973,0973 (I),63935,w[1118] PBac{w[+mC]=IT.GAL4}kirre[0973-G4],kirre,,
974,0974 (I),,,,,
975,0975 (I),64053,w[1118] PBac{w[+mC]=IT.GAL4}ras[0975-G4] lncRNA:CR44766[0975-G4],ras,,
976,0976 / CyO,64054,w[1118]; PBac{w[+mC]=IT.GAL4}CG7227[0976-G4],CG7227,,
977,0977 / CyO,,,,,
978,0978 / TM6B,,,,,
979,0979 (IV),,,,,
980,0980 / TM6B,63936,w[1118]; PBac{w[+mC]=IT.GAL4}wdb[0980-G4],wdb,,
981,0981 / CyO,63937,w[1118]; PBac{w[+mC]=IT.GAL4}ft[0981-G4]/CyO,ft,,
982,0982 / CyO,,,,,
983,0983 / CyO,64055,w[1118]; PBac{w[+mC]=IT.GAL4}CG5131[0983-G4]/CyO,CG5131,,
984,0984 / TM6B,63938,w[1118]; PBac{w[+mC]=IT.GAL4}0984-G4,,ich,CAHbeta
985,0985 / TM6B,63939,w[1118]; PBac{w[+mC]=IT.GAL4}CG12012[0985-G4],CG12012,,
986,0986 / CyO,63940,w[1118]; PBac{w[+mC]=IT.GAL4}Dek[0986-G4] Psi[0986-G4],Psi,,
987,0987 / CyO,63941,w[1118]; PBac{w[+mC]=IT.GAL4}LanB1[0987-G4]/CyO,LanB1,,
988,0988 / TM6B,63942,w[1118]; PBac{w[+mC]=IT.GAL4}Rgl[0988-G4],Rgl,,
989,0989 / CyO,63943,w[1118]; PBac{w[+mC]=IT.GAL4}chn[0989-G4]/CyO,chn,,
990,0990 / CyO,63944,w[1118]; PBac{w[+mC]=IT.GAL4}babos[0990-G4]/CyO,babos,,
991,0991 / TM6B,63945,w[1118]; PBac{w[+mC]=IT.GAL4}CG14073[0991-G4],CG14073,,
992,0992 / TM6B,63946,w[1118]; PBac{w[+mC]=IT.GAL4}CG34355[0992-G4],CG34355,,
993,0993 / TM6B,63947,w[1118]; PBac{w[+mC]=IT.GAL4}CG17129[0993-G4],CG17129,,
994,0994 / CyO,77587,w[1118]; PBac{w[+mC]=IT.GAL4}0994-G4,,CG33958,CG30114
995,0995 / TM6B,63948,w[1118]; PBac{w[+mC]=IT.GAL4}ebd2[0995-G4] CG32436[0995-G4],CG32436,,
996,0996 / TM6B,63949,w[1118]; PBac{w[+mC]=IT.GAL4}Usp10[0996-G4],Usp10,,
997,0997 / TM6B,63950,w[1118]; PBac{w[+mC]=IT.GAL4}0997-G4,,tRNA:Ser-GCT-2-2,foxo
998,0998 / CyO,77588,w[1118]; PBac{w[+mC]=IT.GAL4}grp[0998-G4] CG31807[0998-G4],grp,,
999,0999 / TM6B,77589,w[1118]; PBac{w[+mC]=IT.GAL4}dally[0999-G4] CG43169[0999-G4],CG43169,,
1000,1000 / TM6B,63951,w[1118]; PBac{w[+mC]=IT.GAL4}Trabd[1000-G4],Trabd,,
1001,1001 / TM6B,,,,,
1002,1002 / TM6B,63952,w[1118]; PBac{w[+mC]=IT.GAL4}Ptpmeg[1002-G4],Ptpmeg,,
1003,1003 / TM6B,63953,w[1118]; PBac{w[+mC]=IT.GAL4}foxo[1003-G4],foxo,,
1004,1004 / CyO,,,,,
1005,1005 / CyO,63954,w[1118]; PBac{w[+mC]=IT.GAL4}Cog8[1005-G4]/CyO,Cog8,,
1006,1006 / TM6B,63955,w[1118]; PBac{w[+mC]=IT.GAL4}Pcif1[1006-G4],Pcif1,,
1007,1007 / CyO,63956,w[1118]; PBac{w[+mC]=IT.GAL4}1007-G4,,lncRNA:CR44457,chn
1008,1008 / TM6B,63957,w[1118]; PBac{w[+mC]=IT.GAL4}dlp[1008-G4],dlp,,
1009,1009 / CyO,63958,w[1118]; PBac{w[+mC]=IT.GAL4}tkv[1009-G4],tkv,,
1010,1010 / TM6B,63959,w[1118]; PBac{w[+mC]=IT.GAL4}eater[1010-G4],eater,,
1011,1011 / TM6B,63960,w[1118]; PBac{w[+mC]=IT.GAL4}zormin[1011-G4],zormin,,
1012,1012 (I),,,,,
1013,1013 (I),63961,PBac{w[+mC]=IT.GAL4}Syx4[1013-G4] kirre[1013-G4] w[1118],kirre,,
1014,1014 (I),63962,w[1118] PBac{w[+mC]=IT.GAL4}baz[1014-G4],baz,,
1015,1015 (I),,,,,
1016,1016 (I),,,,,
1017,1017 (I),63963,w[1118] PBac{w[+mC]=IT.GAL4}asRNA:CR43614[1017-G4],asRNA:CR43614,,
1018,1018 (I),77590,PBac{w[+mC]=IT.GAL4}kirre[1018-G4] w[1118],kirre,,
1019,1019 (I),63964,PBac{w[+mC]=IT.GAL4}Raf[1019-G4] w[1118],Raf,,
1020,1020 (I),64056,PBac{w[+mC]=IT.GAL4}sgg[1020-G4] w[1118],sgg,,
1021,1021 (I),77591,PBac{w[+mC]=IT.GAL4}kirre[1021-G4] CG32795[1021-G4] w[1118],kirre,,
1022,1022 (I),63965,w[1118] PBac{w[+mC]=IT.GAL4}AnxB11[1022-G4],AnxB11,,
1023,1023 (I),63966,w[1118] PBac{w[+mC]=IT.GAL4}1023-G4,,Amun,lncRNA:CR45618
1024,1024 (I),63967,PBac{w[+mC]=IT.GAL4}Syx4[1024-G4] kirre[1024-G4] w[1118],Syx4,,
1025,1025 (I),63968,PBac{w[+mC]=IT.GAL4}1025-G4 w[1118],,Ugalt,eIF2Bbeta
1026,1026 (I),63969,w[1118] PBac{w[+mC]=IT.GAL4}CG14434[1026-G4],CG14434,,
1027,1027 (I),,,,,
1028,1028 (I),63970,w[1118] PBac{w[+mC]=IT.GAL4}CG1806[1028-G4],CG1806,,
1029,1029 (I),64057,w[1118] PBac{w[+mC]=IT.GAL4}CG14441[1029-G4],CG14441,,
1030,1030 (I),77592,w[1118] PBac{w[+mC]=IT.GAL4}CG14434[1030-G4],CG14434,,
1031,1031 (I),77593,PBac{w[+mC]=IT.GAL4}kirre[1031-G4] CG32795[1031-G4] w[1118],CG32795,,
1032,1032 (I),63971,PBac{w[+mC]=IT.GAL4}Atf3[1032-G4] w[1118],Atf3,,
1033,1033 (I),64058,w[1118] PBac{w[+mC]=IT.GAL4}1033-G4,,Mnr,CG1494
1034,1034 (I),63972,PBac{w[+mC]=IT.GAL4}1034-G4 w[1118],,lncRNA:CR44966,fz3
1035,1035 / TM6B,63973,"w[1118]; PBac{w[+mC]=IT.GAL4}Pisd[1035-G4]/TM6B, Tb[1]",Pisd,,
1036,1036 (I),63974,w[1118] PBac{w[+mC]=IT.GAL4}Clic[1036-G4],Clic,,
1037,1037 (I),63975,w[1118] PBac{w[+mC]=IT.GAL4}Trf2[1037-G4],Trf2,,
1038,1038 (I),,,,,
1039,1039 (IV),,,,,
1040,1040 (IV),,,,,
1041,1041 (II),,,,,
1042,1042 (I),77594,w[1118] PBac{w[+mC]=IT.GAL4}1042-G4,,lncRNA:CR45102,Rala
1043,1043 (I),63976,PBac{w[+mC]=IT.GAL4}kirre[1043-G4] CG32795[1043-G4] w[1118],kirre,,
1044,1044 (I),63977,w[1118] PBac{w[+mC]=IT.GAL4}bif[1044-G4],bif,,
1045,1045 (I),,,,,
1046,1046 (I),77595,w[1118] PBac{w[+mC]=IT.GAL4}CG12206[1046-G4] lncRNA:CR44999[1046-G4],lncRNA:CR44999,,
1047,1047 / TM6B,63978,w[1118]; PBac{w[+mC]=IT.GAL4}zpg[1047-G4] Rexo5[1047-G4],zpg,,
1048,1048 (I),,,,,
1049,1049 / TM6B,,,,,
1050,1050 / TM6B,63979,w[1118]; PBac{w[+mC]=IT.GAL4}1050-G4,,asRNA:CR44087,glec
1051,1051 / CyO,,,,,
1052,1052 / TM6B,,,,,
1053,1053 / TM6B,,,,,
1054,1054 / CyO,,,,,
1055,1055 / CyO,,,,,
1056,1056 / TM6B,,,,,
1057,1057 / CyO,77596,w[1118]; PBac{w[+mC]=IT.GAL4}Sdc[1057-G4]/CyO,Sdc,,
1058,1058 / TM6B,,,,,
1059,1059 / CyO,,,,,
1060,1060 / CyO,,,,,
1061,1061 / CyO,,,,,
1062,1062 / CyO,,,,,
1063,1063 / TM6B,,,,,
1064,1064 / TM6B,77597,w[1118]; PBac{w[+mC]=IT.GAL4}1064-G4,,lncRNA:CR45680,lncRNA:CR45594
1065,1065 / CyO,,,,,
1066,1066 / TM6B,,,,,
1067,1067 / TM6B   ,,,,,
1068,1068 / TM6B ,,,,,
1069,1069 / TM6B ,,,,,
1070,1070 / TM6B  ,,,,,
1071,1071 / TM6B   ,,,,,
1072,1072 / CyO   ,,,,,
1073,1073 / CyO   ,,,,,
1074,1074 / TM6B   ,,,,,
1075,1075 / CyO   ,,,,,
1076,1076 / TM6B   ,,,,,
1077,1077 / CyO   ,,,,,
1078,1078 / TM6B ,,,,,
1079,1079 / TM6B   ,,,,,
1080,1080 / CyO  ,,,,,
1081,1081 / CyO   ,,,,,
1082,1082 / TM6B   ,,,,,
1083,1083 / TM6B   ,,,,,
1084,1084 / CyO   ,,,,,
1085,1085 / TM6B ,,,,,
1086,1086 / TM6B  ,,,,,
1087,1087 (I)   ,,,,,
1088,1088 (I)   ,,,,,
1089,1089 (I),,,,,
1090,1090 (I),,,,,
1091,1091 (I),,,,,
1092,1092 (I),,,,,
1093,1093 (I),,,,,
1094,1094 (IV)   ,,,,,
1095,1095 (I),,,,,
1096,1096 / TM6B,,,,,
1097,1097 / CyO  ,,,,,
1098,1098 (U)   ,,,,,
1099,1099 / CyO  ,,,,,
1100,1100 / CyO  ,65437,w[1118]; PBac{w[+mC]=IT.GAL4}Mmp2[1100-G4],Mmp2,,
1101,1101 / TM6B,,,,,
1102,1102 / CyO,65438,w[1118]; PBac{w[+mC]=IT.GAL4}1102-G4,,link,snoRNA:Psi28S-1153
1103,1103 / CyO,65439,w[1118]; PBac{w[+mC]=IT.GAL4}bun[1103-G4],bun,,
1104,1104 / TM6B,65440,w[1118]; PBac{w[+mC]=IT.GAL4}1104-G4,,,Hsp70Bbb
1105,1105 / CyO,65441,w[1118]; PBac{w[+mC]=IT.GAL4}CalpA[1105-G4],CalpA,,
1106,1106 / TM6B,65442,w[1118]; PBac{w[+mC]=IT.GAL4}1106-G4,,CG9682,CG18404
1107,1107 / TM6B,65443,w[1118]; PBac{w[+mC]=IT.GAL4}1107-G4,,,CG6244
1108,1108 / CyO,65444,w[1118]; PBac{w[+mC]=IT.GAL4}Mef2[1108-G4],Mef2,,
1109,1109 / CyO,65445,w[1118]; PBac{w[+mC]=IT.GAL4}strat[1109-G4],strat,,
1110,1110 / TM6B,65446,w[1118]; PBac{w[+mC]=IT.GAL4}pum[1110-G4],pum,,
1111,1111 / TM6B,65447,w[1118]; PBac{w[+mC]=IT.GAL4}Mpped[1111-G4],Mpped,,
1112,1112 / CyO,65448,w[1118]; PBac{w[+mC]=IT.GAL4}beat-Ib[1112-G4],beat-Ib,,
1113,1113 / TM6B,65449,w[1118]; PBac{w[+mC]=IT.GAL4}AGO2[1113-G4],AGO2,,
1114,1114 / CyO,65450,w[1118]; PBac{w[+mC]=IT.GAL4}1114-G4,,Ebp,CG9380
1115,1115 / TM6B,65451,w[1118]; PBac{w[+mC]=IT.GAL4}Pura[1115-G4],Pura,,
1116,1116 / TM6B,65452,w[1118]; PBac{w[+mC]=IT.GAL4}CG34429[1116-G4],CG34429,,
1117,1117 / TM6B,,,,,
1118,1118 / TM6B,77598,w[1118]; PBac{w[+mC]=IT.GAL4}1118-G4,,CG5359,Mical
1119,1119 / TM6B,,,,,
1120,1120 / TM6B,65453,w[1118]; PBac{w[+mC]=IT.GAL4}1120-G4,,CG34451,comm2
1121,1121 / CyO,65454,w[1118]; PBac{w[+mC]=IT.GAL4}eIF6[1121-G4] ytr[1121-G4]/CyO,eIF6,,
1122,1122 / CyO,65455,w[1118]; PBac{w[+mC]=IT.GAL4}kis[1122-G4]/CyO,kis,,
1123,1123 / TM6B,,,,,
1124,1124 / CyO,65456,w[1118]; PBac{w[+mC]=IT.GAL4}1124-G4,,CG8910,inaC
1125,1125 / CyO,65457,w[1118]; PBac{w[+mC]=IT.GAL4}1125-G4,,lncRNA:CR44988,lncRNA:CR46260
1126,1126 / CyO,65458,w[1118]; PBac{w[+mC]=IT.GAL4}CG31809[1126-G4],CG31809,,
1127,1127 / TM6B,65459,w[1118]; PBac{w[+mC]=IT.GAL4}lncRNA:CR44135[1127-G4],lncRNA:CR44135,,
1128,1128 / TM6B,65460,w[1118]; PBac{w[+mC]=IT.GAL4}fray[1128-G4] CG7694[1128-G4],fray,,
1129,1129 / TM6B,65461,w[1118]; PBac{w[+mC]=IT.GAL4}Frl[1129-G4],Frl,,
1130,1130 / CyO,65462,w[1118]; PBac{w[+mC]=IT.GAL4}bru2[1130-G4]/CyO,bru2,,
1131,1131 / CyO,65463,w[1118]; PBac{w[+mC]=IT.GAL4}PAPLA1[1131-G4]/CyO,PAPLA1,,
1132,1132 / CyO,65464,w[1118]; PBac{w[+mC]=IT.GAL4}atos[1132-G4],atos,,
1133,1133 / CyO,,,,,
1134,1134 / TM6B,65465,w[1118]; PBac{w[+mC]=IT.GAL4}TrpA1[1134-G4],TrpA1,,
1135,1135 / CyO,65466,w[1118]; PBac{w[+mC]=IT.GAL4}Paris[1135-G4],Paris,,
1136,1136 / CyO,65467,w[1118]; PBac{w[+mC]=IT.GAL4}Eogt[1136-G4],Eogt,,
1137,1137 / CyO,65468,w[1118]; PBac{w[+mC]=IT.GAL4}CG11885[1137-G4],CG11885,,
1138,1138 / CyO,65469,w[1118]; PBac{w[+mC]=IT.GAL4}ocm[1138-G4],ocm,,
1139,1139 / CyO,65470,w[1118]; PBac{w[+mC]=IT.GAL4}1139-G4,,lncRNA:CR44733,Pburs
1140,1140 / CyO,65471,w[1118]; PBac{w[+mC]=IT.GAL4}MESR3[1140-G4],MESR3,,
1141,1141 / TM6B,65472,w[1118]; PBac{w[+mC]=IT.GAL4}FucTA[1141-G4],FucTA,,
1142,1142 / CyO,65473,w[1118]; PBac{w[+mC]=IT.GAL4}CG10947[1142-G4],CG10947,,
1143,1143 / CyO,65474,w[1118]; PBac{w[+mC]=IT.GAL4}lncRNA:CR43650[1143-G4],lncRNA:CR43650,,
1144,1144 / TM6B,,,,,
1145,1145 / CyO,,,,,
1146,1146 / TM6B,65475,w[1118]; PBac{w[+mC]=IT.GAL4}1146-G4,,,Tktl
1147,1147 / CyO,65476,w[1118]; PBac{w[+mC]=IT.GAL4}Pgk[1147-G4]/CyO,Pgk,,
1148,1148 / CyO,65477,w[1118]; PBac{w[+mC]=IT.GAL4}1148-G4,,CG3225,CG15628
1149,1149 / CyO,65478,w[1118]; PBac{w[+mC]=IT.GAL4}Cpr50Cb[1149-G4]/CyO,Cpr50Cb,,
1150,1150 / TM6B,65622,w[1118]; PBac{w[+mC]=IT.GAL4}DnaJ-1[1150-G4],DnaJ-1,,
1151,1151 / CyO,,,,,
1152,1152 / TM6B,65479,w[1118]; PBac{w[+mC]=IT.GAL4}CG14607[1152-G4],CG14607,,
1153,1153 / CyO,65480,w[1118]; PBac{w[+mC]=IT.GAL4}1153-G4,,,CG43402
1154,1154 / CyO,,,,,
1155,1155 / CyO,,,,,
1156,1156 / TM6B,65481,w[1118]; PBac{w[+mC]=IT.GAL4}CG34347[1156-G4],CG34347,,
1157,1157 / TM6B,65482,w[1118]; PBac{w[+mC]=IT.GAL4}Glut4EF[1157-G4],Glut4EF,,
1158,1158 / TM6B,65483,w[1118]; PBac{w[+mC]=IT.GAL4}Dab[1158-G4],Dab,,
1159,1159 / CyO,,,,,
1160,1160 (I),,,,,
1161,1161 (II),77599,w[1118]; PBac{w[+mC]=IT.GAL4}CG5758[1161-G4],CG5758,,
1162,1162 / TM6B,65484,w[1118]; PBac{w[+mC]=IT.GAL4}mub[1162-G4],mub,,
1163,1163 / CyO,65485,w[1118]; PBac{w[+mC]=IT.GAL4}Ugt36A1[1163-G4],Ugt36A1,,
1164,1164 / CyO,65486,w[1118]; PBac{w[+mC]=IT.GAL4}1164-G4,,Vha36-2,Cam
1165,1165 / CyO,65487,w[1118]; PBac{w[+mC]=IT.GAL4}betaggt-I[1165-G4]/CyO,betaggt-I,,
1166,1166 / CyO,,,,,
1167,1167 / TM6B,65488,w[1118]; PBac{w[+mC]=IT.GAL4}Fer1HCH[1167-G4],Fer1HCH,,
1168,1168 / CyO,65489,w[1118]; PBac{w[+mC]=IT.GAL4}CG5033[1168-G4]/CyO,CG5033,,
1169,1169 / CyO,65490,w[1118]; PBac{w[+mC]=IT.GAL4}CG10384[1169-G4],CG10384,,
1170,1170 / TM6B,65491,w[1118]; PBac{w[+mC]=IT.GAL4}1170-G4,,lncRNA:CR45573,nyo
1171,1171 / CyO,65492,w[1118]; PBac{w[+mC]=IT.GAL4}dom[1171-G4] snoRNA:CD51a[1171-G4]/CyO,dom,,
1172,1172 / CyO,,,,,
1173,1173 / TM6B,,,,,
1174,1174 / TM6B,,,,,
1175,1175 / TM6B,,,,,
1176,1176 / TM6B,,,,,
1177,1177 / CyO,,,,,
1178,1178 / CyO,,,,,
1179,1179 / TM6B,65493,w[1118]; PBac{w[+mC]=IT.GAL4}bol[1179-G4],bol,,
1180,1180 / CyO,,,,,
1181,1181 / CyO,,,,,
1182,1182 / TM6B,65494,w[1118]; PBac{w[+mC]=IT.GAL4}1182-G4,,RIOK1,Polr3H
1183,1183 / TM6B,65495,w[1118]; PBac{w[+mC]=IT.GAL4}pnt[1183-G4],pnt,,
1184,1184 / CyO,65496,w[1118]; PBac{w[+mC]=IT.GAL4}Sams[1184-G4]/CyO,Sams,,
1185,1185 / TM6B,65497,w[1118]; PBac{w[+mC]=IT.GAL4}CG31038[1185-G4],CG31038,,
1186,1186 / CyO,,,,,
1187,1187 / CyO,65498,w[1118]; PBac{w[+mC]=IT.GAL4}Sema1a[1187-G4],Sema1a,,
1188,1188 / CyO,65499,w[1118]; PBac{w[+mC]=IT.GAL4}CG34396[1188-G4],CG34396,,
1189,1189 / CyO,65500,w[1118]; PBac{w[+mC]=IT.GAL4}1189-G4,,lncRNA:CR45355,CG31816
1190,1190 / CyO,65501,w[1118]; PBac{w[+mC]=IT.GAL4}Pka-C1[1190-G4]/CyO,Pka-C1,,
1191,1191 / CyO,65502,w[1118]; PBac{w[+mC]=IT.GAL4}1191-G4,,CG10750,
1192,1192 / TM6B,,,,,
1193,1193 / CyO,,,,,
1194,1194 / CyO,,,,,
1195,1195 (I),,,,,
1196,1196 / CyO,65503,w[1118]; PBac{w[+mC]=IT.GAL4}Grip75[1196-G4] Cog4[1196-G4],Cog4,,
1197,1197 (I),,,,,
1198,1198 / TM6B,77600,w[1118]; PBac{w[+mC]=IT.GAL4}RhoBTB[1198-G4],RhoBTB,,
1199,1199 / CyO,65504,w[1118]; PBac{w[+mC]=IT.GAL4}1199-G4,,CG1888,lncRNA:CR43651
1200,1200 / CyO,65505,w[1118]; PBac{w[+mC]=IT.GAL4}Rbp9[1200-G4]/CyO,Rbp9,,
1201,,,,,,
1202,,,,,,
1203,,,,,,
1204,,,,,,
1205,,,,,,
1206,,,,,,
1207,,,,,,
1208,,65506,w[1118]; PBac{w[+mC]=IT.GAL4}cdi[1208-G4],cdi,,
1209,,65507,w[1118]; PBac{w[+mC]=IT.GAL4}brp[1209-G4]/CyO,brp,,
1210,,65508,w[1118]; PBac{w[+mC]=IT.GAL4}1210-G4,,lncRNA:acal,psq
1211,,65509,w[1118]; PBac{w[+mC]=IT.GAL4}1211-G4,,GstE14,lncRNA:CR45278
1212,,65510,w[1118]; PBac{w[+mC]=IT.GAL4}ND-15[1212-G4] CG31974[1212-G4],CG31974,,
1213,,65511,w[1118]; PBac{w[+mC]=IT.GAL4}Cap-D3[1213-G4],Cap-D3,,
1214,,,,,,
1215,,65512,w[1118]; PBac{w[+mC]=IT.GAL4}1215-G4,,RpL19,CG3776
1216,,65513,w[1118]; PBac{w[+mC]=IT.GAL4}1216-G4,,CG7987,CG44094
1217,,65514,w[1118]; PBac{w[+mC]=IT.GAL4}1217-G4,,HP1Lcsd,CG30412
1218,,,,,,
1219,,65515,w[1118]; PBac{w[+mC]=IT.GAL4}Nhe2[1219-G4]/CyO,Nhe2,,
1220,,65516,w[1118]; PBac{w[+mC]=IT.GAL4}1220-G4,,trn,CG33262
1221,,,,,,
1222,,65517,w[1118]; PBac{w[+mC]=IT.GAL4}Trm1[1222-G4]/CyO,Trm1,,
1223,,65518,w[1118]; PBac{w[+mC]=IT.GAL4}CG31729[1223-G4]/CyO,CG31729,,
1224,,,,,,
1225,,65519,w[1118]; PBac{w[+mC]=IT.GAL4}bs[1225-G4]/CyO,bs,,
1226,,65520,w[1118]; PBac{w[+mC]=IT.GAL4}eIF4EHP[1226-G4],eIF4EHP,,
1227,,65521,w[1118]; PBac{w[+mC]=IT.GAL4}1227-G4,,Noc3,CG10053
1228,,,,,,
1229,,65522,w[1118]; PBac{w[+mC]=IT.GAL4}1229-G4,,CG5715,crb
1230,,,,,,
1231,,65623,w[1118]; PBac{w[+mC]=IT.GAL4}Gart[1231-G4]/CyO,Gart,,
1232,,65624,w[1118]; PBac{w[+mC]=IT.GAL4}1232-G4/CyO,,,sala
1233,,65625,w[1118]; PBac{w[+mC]=IT.GAL4}brwl[1233-G4],brwl,,
1234,,,,,,
1235,,65626,w[1118]; PBac{w[+mC]=IT.GAL4}insc[1235-G4] sktl[1235-G4]/CyO,insc,,
1236,,65627,w[1118]; PBac{w[+mC]=IT.GAL4}mthl3[1236-G4],mthl3,,
1237,,65523,w[1118]; PBac{w[+mC]=IT.GAL4}p38b[1237-G4],p38b,,
1238,,65628,w[1118]; PBac{w[+mC]=IT.GAL4}1238-G4,,CG13690,RpLP1
1239,,,,,,
1240,,65629,w[1118]; PBac{w[+mC]=IT.GAL4}CG17124[1240-G4],CG17124,,
1241,,65630,w[1118]; PBac{w[+mC]=IT.GAL4}EcR[1241-G4]/CyO,EcR,,
1242,,65631,w[1118]; PBac{w[+mC]=IT.GAL4}1242-G4,,CG11041,lncRNA:CR45229
1243,,65632,w[1118]; PBac{w[+mC]=IT.GAL4}1243-G4/CyO,,nht,esg
1244,,65633,w[1118]; PBac{w[+mC]=IT.GAL4}CG33298[1244-G4],CG33298,,
1245,,65634,w[1118]; PBac{w[+mC]=IT.GAL4}Nop60B[1245-G4],Nop60B,,
1246,,65635,w[1118]; PBac{w[+mC]=IT.GAL4}Pde8[1246-G4],Pde8,,
1247,,77601,w[1118]; PBac{w[+mC]=IT.GAL4}Sdc[1247-G4],Sdc,,
1248,,65636,w[1118]; PBac{w[+mC]=IT.GAL4}bin3[1248-G4],bin3,,
1249,,65637,w[1118]; PBac{w[+mC]=IT.GAL4}grh[1249-G4],grh,,
1250,,65638,w[1118]; PBac{w[+mC]=IT.GAL4}CLIP-190[1250-G4],CLIP-190,,
1251,,65639,w[1118]; PBac{w[+mC]=IT.GAL4}1251-G4,,CR43670,CG31808
1252,,65640,w[1118]; PBac{w[+mC]=IT.GAL4}lbm[1252-G4],lbm,,
1253,,,,,,
1254,,77602,w[1118]; PBac{w[+mC]=IT.GAL4}Btk[1254-G4],Btk,,
1255,,65641,w[1118]; PBac{w[+mC]=IT.GAL4}wnd[1255-G4],wnd,,
1256,,,,,,
1257,,65642,w[1118]; PBac{w[+mC]=IT.GAL4}papi[1257-G4]/CyO,papi,,
1258,,,,,,
1259,,65643,w[1118]; PBac{w[+mC]=IT.GAL4}CG10680[1259-G4],CG10680,,
1260,,65644,w[1118]; PBac{w[+mC]=IT.GAL4}zda[1260-G4],zda,,
1261,,65524,w[1118]; PBac{w[+mC]=IT.GAL4}Cipc[1261-G4],Cipc,,
1262,,65645,w[1118]; PBac{w[+mC]=IT.GAL4}hpRNA:LINR-1[1262-G4],hpRNA:LINR-1,,
1263,,65525,w[1118]; PBac{w[+mC]=IT.GAL4}Eip75B[1263-G4],Eip75B,,
1264,,65526,w[1118]; PBac{w[+mC]=IT.GAL4}1264-G4,,Qsox2,
1265,,77603,"w[1118]; PBac{w[+mC]=IT.GAL4}CG11309[1265-G4] asRNA:CR45952[1265-G4]/TM6B, Tb[1]",asRNA:CR45952,,
1266,,65527,w[1118]; PBac{w[+mC]=IT.GAL4}1266-G4,,CR7448,CG7458
1267,,65646,w[1118]; PBac{w[+mC]=IT.GAL4}1267-G4,,Pi3K92E,Lrrk
1268,,65528,"w[1118]; PBac{w[+mC]=IT.GAL4}RpLP0[1268-G4]/TM6B, Tb[1]",RpLP0,,
1269,,65529,w[1118]; PBac{w[+mC]=IT.GAL4}1269-G4,,,
1270,,65530,w[1118]; PBac{w[+mC]=IT.GAL4}lncRNA:Hsromega[1270-G4],lncRNA:Hsromega,,
1271,,65531,w[1118]; PBac{w[+mC]=IT.GAL4}dgt6[1271-G4],dgt6,,
1272,,65532,w[1118]; PBac{w[+mC]=IT.GAL4}Cow[1272-G4] CG6726[1272-G4] CG17110[1272-G4],CG6726,,
1273,,65647,w[1118]; PBac{w[+mC]=IT.GAL4}RhoGEF3[1273-G4],RhoGEF3,,
1274,,,,,,
1275,,77604,w[1118]; PBac{w[+mC]=IT.GAL4}Srp9[1275-G4],Srp9,,
1276,,65533,w[1118]; PBac{w[+mC]=IT.GAL4}1276-G4,,anchor,lncRNA:CR44566
1277,,65534,w[1118]; PBac{w[+mC]=IT.GAL4}1277-G4,,CG10345,NPF
1278,,65535,w[1118]; PBac{w[+mC]=IT.GAL4}1278-G4,,lncRNA:CR43258,CG43203
1279,,65536,w[1118]; PBac{w[+mC]=IT.GAL4}mrt[1279-G4],mrt,,
1280,,65537,w[1118]; PBac{w[+mC]=IT.GAL4}CG32163[1280-G4] asRNA:CR45895[1280-G4],CG32163,,
1281,,65538,"w[1118]; PBac{w[+mC]=IT.GAL4}faf[1281-G4]/TM6B, Tb[1]",faf,,
1282,,65539,w[1118]; PBac{w[+mC]=IT.GAL4}1282-G4,,CG9616,MetRS-m
1283,,65540,"w[1118]; PBac{w[+mC]=IT.GAL4}hth[1283-G4]/TM6B, Tb[1]",hth,,
1284,,65541,w[1118]; PBac{w[+mC]=IT.GAL4}cno[1284-G4],cno,,
1285,,65648,w[1118]; PBac{w[+mC]=IT.GAL4}EndoA[1285-G4],EndoA,,
1286,,65542,w[1118]; PBac{w[+mC]=IT.GAL4}1286-G4,,CG4377,CG4372
1287,,65649,w[1118]; PBac{w[+mC]=IT.GAL4}Wdr62[1287-G4]/CyO,Wdr62,,
1288,,,,,,
1289,,65543,w[1118]; PBac{w[+mC]=IT.GAL4}mtsh[1289-G4]/CyO,mtsh,,
1290,,65544,w[1118]; PBac{w[+mC]=IT.GAL4}CG42748[1290-G4],CG42748,,
1291,,,,,,
1292,,,,,,
1293,,65650,w[1118]; PBac{w[+mC]=IT.GAL4}vir-1[1293-G4],vir-1,,
1294,,65651,w[1118]; PBac{w[+mC]=IT.GAL4}Pde1c[1294-G4]/CyO,Pde1c,,
1295,,65652,w[1118]; PBac{w[+mC]=IT.GAL4}1295-G4/CyO,,,
1296,,65653,w[1118]; PBac{w[+mC]=IT.GAL4}CG31809[1296-G4],CG31809,,
1297,,65654,w[1118]; PBac{w[+mC]=IT.GAL4}Nnp-1[1297-G4]/CyO,Nnp-1,,
1298,,65655,w[1118]; PBac{w[+mC]=IT.GAL4}wb[1298-G4],wb,,
1299,,65656,w[1118]; PBac{w[+mC]=IT.GAL4}dnr1[1299-G4],dnr1,,
1300,,65657,w[1118]; PBac{w[+mC]=IT.GAL4}Atet[1300-G4],Atet,,
1301,,65658,w[1118]; PBac{w[+mC]=IT.GAL4}Dyrk2[1301-G4],Dyrk2,,
1302,,65659,w[1118]; PBac{w[+mC]=IT.GAL4}1302-G4,,asRNA:CR44390,RhoGEF2
1303,,65545,w[1118]; PBac{w[+mC]=IT.GAL4}1303-G4,,CG10081,CG11257
1304,,65660,w[1118]; PBac{w[+mC]=IT.GAL4}stai[1304-G4],stai,,
1305,,,,,,
1306,,,,,,
1307,,65661,w[1118]; PBac{w[+mC]=IT.GAL4}ptc[1307-G4]/CyO,ptc,,
1308,,66197,w[1118]; PBac{w[+mC]=IT.GAL4}Cda5[1308-G4],Cda5,,
1309,,65662,w[1118]; PBac{w[+mC]=IT.GAL4}Cam[1309-G4]/CyO,Cam,,
1310,,65663,w[1118]; PBac{w[+mC]=IT.GAL4}Ovd[1310-G4] CG6765[1310-G4],CG6765,,
1311,,65664,w[1118]; PBac{w[+mC]=IT.GAL4}Nxf3[1311-G4] ssp2[1311-G4],Nxf3,,
1312,,65665,w[1118]; PBac{w[+mC]=IT.GAL4}Osi23[1312-G4],Osi23,,
1313,,65546,w[1118]; PBac{w[+mC]=IT.GAL4}CG14073[1313-G4],CG14073,,
1314,,65666,"w[1118]; PBac{w[+mC]=IT.GAL4}elm[1314-G4]/TM6B, Tb[1]",elm,,
1315,,65667,w[1118]; PBac{w[+mC]=IT.GAL4}CG13919[1315-G4] CG17249[1315-G4],CG17249,,
1316,,65668,w[1118]; PBac{w[+mC]=IT.GAL4}Rgl[1316-G4],Rgl,,
1317,,,,,,
1318,,65669,w[1118]; PBac{w[+mC]=IT.GAL4}CheA87a[1318-G4],CheA87a,,
1319,,65670,w[1118]; PBac{w[+mC]=IT.GAL4}CG42673[1319-G4],CG42673,,
1320,,,,,,
1321,,65547,"w[1118]; PBac{w[+mC]=IT.GAL4}hth[1321-G4]/TM6B, Tb[1]",hth,,
1322,,65548,"w[1118]; PBac{w[+mC]=IT.GAL4}Src64B[1322-G4]/TM6B, Tb[1]",Src64B,,
1323,,77605,w[1118]; PBac{w[+mC]=IT.GAL4}CG2310[1323-G4],CG2310,,
1324,,,,,,
1325,,65549,w[1118]; PBac{w[+mC]=IT.GAL4}klu[1325-G4],klu,,
1326,,65550,w[1118]; PBac{w[+mC]=IT.GAL4}CAH7[1326-G4],CAH7,,
1327,,65551,w[1118]; PBac{w[+mC]=IT.GAL4}CG32091[1327-G4],CG32091,,
1328,,65552,"w[1118]; PBac{w[+mC]=IT.GAL4}1328-G4/TM6B, Tb[1]",,rec,CG43318
1329,,65553,w[1118]; PBac{w[+mC]=IT.GAL4}Doa[1329-G4],Doa,,
1330,,,,,,
1331,,65671,w[1118]; PBac{w[+mC]=IT.GAL4}Fer1HCH[1331-G4] Fer2LCH[1331-G4],Fer2LCH,,
1332,,65554,w[1118]; PBac{w[+mC]=IT.GAL4}Acyp2[1332-G4],Acyp2,,
1333,,77606,w[1118]; PBac{w[+mC]=IT.GAL4}1333-G4,,Sap-r,Cyp4c3
1334,,65555,w[1118]; PBac{w[+mC]=IT.GAL4}pyd[1334-G4],pyd,,
1335,,65556,w[1118]; PBac{w[+mC]=IT.GAL4}1335-G4,,CG13405,CG12483
1336,,65557,w[1118]; PBac{w[+mC]=IT.GAL4}1336-G4,,Elp1,CG42327
1337,,65558,"w[1118]; PBac{w[+mC]=IT.GAL4}Bin1[1337-G4]/TM6B, Tb[1]",Bin1,,
1338,,65559,w[1118]; PBac{w[+mC]=IT.GAL4}CG31248[1338-G4],CG31248,,
1339,,65560,w[1118]; PBac{w[+mC]=IT.GAL4}Bicra[1339-G4],Bicra,,
1340,,65561,w[1118]; PBac{w[+mC]=IT.GAL4}Ac78C[1340-G4],Ac78C,,
1341,,,,,,
1342,,65562,w[1118]; PBac{w[+mC]=IT.GAL4}comm3[1342-G4],comm3,,
1343,,,,,,
1344,,65563,w[1118]; PBac{w[+mC]=IT.GAL4}Glyctk[1344-G4],CG9886,,
1345,,,,,,
1346,,65564,w[1118]; PBac{w[+mC]=IT.GAL4}1346-G4,,Pex13,fsd
1347,,65565,w[1118]; PBac{w[+mC]=IT.GAL4}CG8172[1347-G4],CG8172,,
1348,,65566,w[1118]; PBac{w[+mC]=IT.GAL4}PRL-1[1348-G4]/CyO,PRL-1,,
1349,,77607,w[1118]; PBac{w[+mC]=IT.GAL4}HmgD[1349-G4] CG30403[1349-G4],HmgD,,
1350,,65567,w[1118]; PBac{w[+mC]=IT.GAL4}CG10019[1350-G4],CG10019,,
1351,,65672,w[1118]; PBac{w[+mC]=IT.GAL4}Wdr62[1351-G4]/CyO,Wdr62,,
1352,,,,,,
1353,,65673,w[1118]; PBac{w[+mC]=IT.GAL4}CG32982[1353-G4],CG32982,,
1354,,65674,w[1118]; PBac{w[+mC]=IT.GAL4}Fili[1354-G4],Fili,,
1355,,65568,w[1118]; PBac{w[+mC]=IT.GAL4}IP3K1[1355-G4],IP3K1,,
1356,,77608,w[1118]; PBac{w[+mC]=IT.GAL4}Sema2b[1356-G4],Sema2b,,
1357,,65675,w[1118]; PBac{w[+mC]=IT.GAL4}HisT[1357-G4],HisT,,
1358,,,,,,
1359,,65676,w[1118]; PBac{w[+mC]=IT.GAL4}Nhe2[1359-G4],Nhe2,,
1360,,65677,w[1118]; PBac{w[+mC]=IT.GAL4}Kank[1360-G4],Kank,,
1361,,65678,w[1118]; PBac{w[+mC]=IT.GAL4}Ndae1[1361-G4],Ndae1,,
1362,,65569,w[1118]; PBac{w[+mC]=IT.GAL4}CG42748[1362-G4],CG42748,,
1363,,65679,w[1118]; PBac{w[+mC]=IT.GAL4}1363-G4/CyO,,CG15711,lncRNA:CR45316
1364,,65570,w[1118]; PBac{w[+mC]=IT.GAL4}dbe[1364-G4]/CyO,dbe,,
1365,,65680,w[1118]; PBac{w[+mC]=IT.GAL4}Pgant9[1365-G4],Pgant9,,
1366,,65681,w[1118]; PBac{w[+mC]=IT.GAL4}beat-Ib[1366-G4] lncRNA:CR44868[1366-G4],beat-Ib,,
1367,,65571,w[1118]; PBac{w[+mC]=IT.GAL4}Pde11[1367-G4],Pde11,,
1368,,65682,w[1118]; PBac{w[+mC]=IT.GAL4}bdl[1368-G4],bdl,,
1369,,77609,w[1118]; PBac{w[+mC]=IT.GAL4}twz[1369-G4]/CyO,twz,,
1370,,65687,w[1118]; PBac{w[+mC]=IT.GAL4}mtgo[1370-G4]/CyO,mtgo,,
1371,,65688,w[1118]; PBac{w[+mC]=IT.GAL4}snoRNA:2R:9445410[1371-G4],snoRNA:2R:9445410,,
1372,,65689,w[1118]; PBac{w[+mC]=IT.GAL4}1372-G4,,asRNA:CR44293,CG30010
1373,,65690,w[1118]; PBac{w[+mC]=IT.GAL4}rau[1373-G4],rau,,
1374,,65691,w[1118]; PBac{w[+mC]=IT.GAL4}1374-G4,,del,E2f2
1375,,65692,w[1118]; PBac{w[+mC]=IT.GAL4}Notum[1375-G4],Notum,,
1376,,,,,,
1377,,,,,,
1378,,,,,,
1379,,65693,w[1118]; PBac{w[+mC]=IT.GAL4}CG11357[1379-G4],CG11357,,
1380,,,,,,
1381,,65694,"w[1118]; PBac{w[+mC]=IT.GAL4}Hsc20[1381-G4]/TM6B, Tb[1]",Hsc20,,
1382,,65695,w[1118]; PBac{w[+mC]=IT.GAL4}1382-G4,,CG13643,asRNA:CR44267
1383,,65696,w[1118]; PBac{w[+mC]=IT.GAL4}1383-G4,,CG14100,ash1
1384,,,,,,
1385,,65697,w[1118]; PBac{w[+mC]=IT.GAL4}bond[1385-G4],bond,,
1386,,65698,w[1118]; PBac{w[+mC]=IT.GAL4}1386-G4,,lncRNA:CR46006,lncRNA:CR45245
1387,,65699,w[1118]; PBac{w[+mC]=IT.GAL4}1387-G4,,Prx1,
1388,,,,,,
1389,,,,,,
1390,,65700,w[1118]; PBac{w[+mC]=IT.GAL4}Desat1[1390-G4],Desat1,,
1391,,,,,,
1392,,77610,w[1118]; PBac{w[+mC]=IT.GAL4}kug[1392-G4],kug,,
1393,,,,,,
1394,,,,,,
1395,,,,,,
1396,,65701,w[1118]; PBac{w[+mC]=IT.GAL4}Kots[1396-G4],Kots,,
1397,,,,,,
1398,,65702,w[1118]; PBac{w[+mC]=IT.GAL4}SNF4Agamma[1398-G4],SNF4Agamma,,
1399,,65703,w[1118]; PBac{w[+mC]=IT.GAL4}1399-G4,,dysf,Cipc
1400,,,,,,
1401,,65704,w[1118]; PBac{w[+mC]=IT.GAL4}AGO2[1401-G4],AGO2,,
1402,,65705,w[1118]; PBac{w[+mC]=IT.GAL4}Aef1[1402-G4],Aef1,,
1403,,,,,,
1404,,77611,w[1118]; PBac{w[+mC]=IT.GAL4}Gucy2d[1404-G4],Gucy2d,,
1405,,77612,w[1118]; PBac{w[+mC]=IT.GAL4}retn[1405-G4]/CyO,retn,,
1406,,,,,,
1407,,65706,w[1118]; PBac{w[+mC]=IT.GAL4}jing[1407-G4],jing,,
1408,,65707,w[1118]; PBac{w[+mC]=IT.GAL4}1408-G4,,spz3,CG7102
1409,,65708,w[1118]; PBac{w[+mC]=IT.GAL4}Smg5[1409-G4]/CyO,Smg5,,
1410,,65709,w[1118]; PBac{w[+mC]=IT.GAL4}chk[1410-G4] CG45092[1410-G4]/CyO,chk,,
1411,,,,,,
1412,,77901,w[1118]; PBac{w[+mC]=IT.GAL4}Elp3[1412-G4],Elp3,,
1413,,,,,,
1414,,77613,w[1118]; PBac{w[+mC]=IT.GAL4}Roc2[1414-G4],Roc2,,
1415,,,,,,
1416,,66178,w[1118]; PBac{w[+mC]=IT.GAL4}CG31760[1416-G4] CG31861[1416-G4]/CyO,CG31760,,
1417,,66179,w[1118]; PBac{w[+mC]=IT.GAL4}lncRNA:CR45267[1417-G4],lncRNA:CR45267,,
1418,,65710,w[1118]; PBac{w[+mC]=IT.GAL4}dia[1418-G4]/CyO,dia,,
1419,,66180,w[1118]; PBac{w[+mC]=IT.GAL4}Sec24AB[1419-G4] asRNA:CR45467[1419-G4]/CyO,Sec24AB,,
1420,,66181,w[1118]; PBac{w[+mC]=IT.GAL4}mthl3[1420-G4]/CyO,mthl3,,
1421,,66182,w[1118]; PBac{w[+mC]=IT.GAL4}1421-G4,,thetaTry,alphaTry
1422,,,,,,
1423,,66183,w[1118]; PBac{w[+mC]=IT.GAL4}1423-G4,,lncRNA:CR44311,CG2816
1424,,66184,w[1118]; PBac{w[+mC]=IT.GAL4}gem[1424-G4],gem,,
1425,,,,,,
1426,,,,,,
1427,,,,,,
1428,,77614,w[1118]; PBac{w[+mC]=IT.GAL4}1428-G4,,,lncRNA:CR44632
1429,,,,,,
1430,,,,,,
1431,,,,,,
1432,,,,,,
1433,,77615,w[1118]; PBac{w[+mC]=IT.GAL4}CG33090[1433-G4]/CyO,CG33090,,
1434,,,,,,
1435,,,,,,
1436,,,,,,
1437,,,,,,
1438,,,,,,
1439,,,,,,
1440,,,,,,
1441,,77616,w[1118]; PBac{w[+mC]=IT.GAL4}1441-G4,,mir-992,Nnf1a
1442,,77617,w[1118]; PBac{w[+mC]=IT.GAL4}1442-G4,,ebd1,hiro
1443,,77618,"w[1118]; PBac{w[+mC]=IT.GAL4}1443-G4/TM6B, Tb[1]",,lncRNA:CR44953,kay
2004,,77619,w[1118]; PBac{w[+mC]=IT.GAL4}Ctr9L[2004-G4],Ctr9L,,
2005,,77620,w[1118]; PBac{w[+mC]=IT.GAL4}bol[2005-G4],bol,,
2006,,77621,"w[1118]; PBac{w[+mC]=IT.GAL4}2006-G4/TM6B, Tb[1]",,comm,lncRNA:CR45240
2007,,77622,w[1118]; PBac{w[+mC]=IT.GAL4}eIF4E6[2007-G4],eIF4E6,,
2008,,,,,,
2009,,,,,,
2010,,,,,,
2011,,,,,,
2012,,,,,,
2013,,,,,,
2014,,,,,,
2015,,,,,,
2016,,,,,,
2017,,,,,,
2018,,,,,,
2019,,,,,,
2020,,,,,,
2021,,,,,,
2022,,,,,,
2023,,,,,,
2024,,,,,,
2025,,,,,,
2026,,,,,,
2027,,,,,,
2028,,77623,"w[1118]; PBac{w[+mC]=IT.GAL4}p[2028-G4] Tkt[2028-G4]/TM6B, Tb[1]",p,,
2029,,,,,,
2030,,,,,,
2031,,,,,,
2032,,,,,,
2033,,,,,,
2034,,,,,,
2035,,77624,w[1118]; PBac{w[+mC]=IT.GAL4}Fili[2035-G4],Fili,,
2036,,,,,,
2037,,,,,,
2038,,,,,,
2039,,,,,,
2040,,,,,,
2041,,,,,,
2042,,,,,,
2043,,65711,w[1118]; PBac{w[+mC]=IT.GAL4}2043-G4,,lncRNA:CR44953,kay
2044,,,,,,
2045,,,,,,
2046,,,,,,
2047,,,,,,
2048,,66185,w[1118]; PBac{w[+mC]=IT.GAL4}5-HT2A[2048-G4],5-HT2A,,
2049,,,,,,
2050,,,,,,
2051,,,,,,
2052,,,,,,
2053,,,,,,
2054,,,,,,
2055,,65712,w[1118]; PBac{w[+mC]=IT.GAL4}Clc[2055-G4] CG6951[2055-G4],Clc,,
2056,,,,,,
2057,,77625,w[1118]; PBac{w[+mC]=IT.GAL4}2057-G4,,CG15922,CG5191
2058,,66186,w[1118]; PBac{w[+mC]=IT.GAL4}2058-G4,,Cpsf6,CG43059
2059,,,,,,
2060,,,,,,
2061,,,,,,
2062,,65713,w[1118]; PBac{w[+mC]=IT.GAL4}2062-G4,,mir-2498,mir-991
2063,,,,,,
2064,,,,,,
2065,,65714,w[1118]; PBac{w[+mC]=IT.GAL4}CG6333[2065-G4],CG6333,,
2066,,65715,w[1118]; PBac{w[+mC]=IT.GAL4}kmr[2066-G4],kmr,,
2067,,,,,,
2068,,,,,,
2069,,65716,"w[1118]; PBac{w[+mC]=IT.GAL4}2069-G4/TM6B, Tb[1]",,CG6168,lncRNA:CR44721
2070,,77626,"w[1118]; PBac{w[+mC]=IT.GAL4}dysc[2070-G4]/TM6B, Tb[1]",dysc,,
2071,,,,,,
2072,,,,,,
2073,,,,,,
2074,,,,,,
2075,,,,,,
2076,,,,,,
2077,,,,,,
2078,,,,,,
2079,,,,,,
2080,,,,,,
2081,,,,,,
2082,,65717,"w[1118]; PBac{w[+mC]=IT.GAL4}Ssdp[2082-G4]/TM6B, Tb[1]",Ssdp,,
2083,,,,,,
2084,,,,,,
2085,,,,,,
2086,,,,,,
2087,,,,,,
2088,,,,,,
2089,,,,,,
2090,,65718,w[1118]; PBac{w[+mC]=IT.GAL4}2090-G4,,,tnc
2091,,65719,w[1118]; PBac{w[+mC]=IT.GAL4}2091-G4,,CG2656,Sas-4
2092,,,,,,
2093,,,,,,
2094,,,,,,
2095,,,,,,
2096,,,,,,
2097,,,,,,
2098,,,,,,
2099,,,,,,
2100,,,,,,
2101,,,,,,
2102,,,,,,
2103,,,,,,
2104,,,,,,
2105,,,,,,
2106,,,,,,
2107,,,,,,
2108,,,,,,
2109,,,,,,
2110,,65720,w[1118]; PBac{w[+mC]=IT.GAL4}Samuel[2110-G4],Samuel,,
2111,,,,,,
2112,,,,,,
2113,,,,,,
2114,,66187,w[1118]; PBac{w[+mC]=IT.GAL4}nudC[2114-G4] Glts[2114-G4],Glts,,
2115,,65721,w[1118]; PBac{w[+mC]=IT.GAL4}atos[2115-G4],atos,,
2116,,77627,w[1118]; PBac{w[+mC]=IT.GAL4}Wdr62[2116-G4]/CyO,Wdr62,,
2117,,,,,,
2118,,,,,,
2119,,65722,w[1118]; PBac{w[+mC]=IT.GAL4}SPoCk[2119-G4],SPoCk,,
2120,,,,,,
2121,,,,,,
2122,,77628,w[1118]; PBac{w[+mC]=IT.GAL4}CG5355[2122-G4],CG5355,,
2123,,,,,,
2124,,,,,,
2125,,,,,,
2126,,,,,,
2127,,66188,w[1118]; PBac{w[+mC]=IT.GAL4}2127-G4,,CG7137,cora
2128,,,,,,
2129,,66189,w[1118]; PBac{w[+mC]=IT.GAL4}2129-G4/CyO,,Nthl1,CR33319
2130,,66190,w[1118]; PBac{w[+mC]=IT.GAL4}esn[2130-G4]/CyO,esn,,
2131,,,,,,
2132,,,,,,
2133,,,,,,
2134,,,,,,
2135,,,,,,
2136,,,,,,
2137,,,,,,
2138,,,,,,
2139,,,,,,
2140,,,,,,
2141,,66191,w[1118]; PBac{w[+mC]=IT.GAL4}Eb1[2141-G4]/CyO,Eb1,,
2142,,,,,,
2143,,,,,,
2144,,,,,,
2145,,,,,,
2146,,,,,,
2147,,65723,w[1118]; PBac{w[+mC]=IT.GAL4}2147-G4,,CG5290,lncRNA:CR43174
2148,,,,,,
2149,,66192,w[1118]; PBac{w[+mC]=IT.GAL4}Rgk1[2149-G4] fest[2149-G4]/CyO,fest,,
2150,,,,,,
2151,,65724,w[1118]; PBac{w[+mC]=IT.GAL4}nompB[2151-G4]/CyO,nompB,,
2152,,,,,,
2153,,66193,w[1118]; PBac{w[+mC]=IT.GAL4}Gsc[2153-G4],Gsc,,
2154,,,,,,
2155,,65725,w[1118]; PBac{w[+mC]=IT.GAL4}Gucy2d[2155-G4],Gucy2d,,
2156,,,,,,
2157,,66194,w[1118]; PBac{w[+mC]=IT.GAL4}CG32036[2157-G4],CG32036,,
2158,,,,,,
2159,,,,,,
2160,,,,,,
2161,,65726,w[1118]; PBac{w[+mC]=IT.GAL4}2161-G4,,CG10089,stv
2162,,,,,,
2163,,77629,w[1118]; PBac{w[+mC]=IT.GAL4}ed[2163-G4],ed,,
2164,,,,,,
2165,,77630,w[1118]; PBac{w[+mC]=IT.GAL4}CG15082[2165-G4],CG15082,,
2166,,65727,w[1118]; PBac{w[+mC]=IT.GAL4}SmB[2166-G4]/CyO,SmB,,
2167,,77631,w[1118]; PBac{w[+mC]=IT.GAL4}sli[2167-G4]/CyO,sli,,
2168,,,,,,
2169,,,,,,
2170,,,,,,
2171,,,,,,
2172,,,,,,
2173,,,,,,
2174,,,,,,
2175,,65728,w[1118]; PBac{w[+mC]=IT.GAL4}hiro[2175-G4],hiro,,
2176,,,,,,
2177,,65729,w[1118]; PBac{w[+mC]=IT.GAL4}Vha16-1[2177-G4],Vha16-1,,
2178,,65730,w[1118]; PBac{w[+mC]=IT.GAL4}MFS16[2178-G4],MFS16,,
2179,,,,,,
2180,,,,,,
2181,,,,,,
2182,,,,,,
2183,,77632,w[1118]; PBac{w[+mC]=IT.GAL4}CG46385[2183-G4],CG46385,,
2184,,,,,,
2185,,66195,w[1118]; PBac{w[+mC]=IT.GAL4}stai[2185-G4],stai,,
2186,,,,,,
2187,,66196,w[1118]; PBac{w[+mC]=IT.GAL4}CG7110[2187-G4] asRNA:CR44600[2187-G4],asRNA:CR44600,,
2188,,,,,,
2189,,,,,,
2190,,,,,,
2191,,77633,w[1118]; PBac{w[+mC]=IT.GAL4}Ac3[2191-G4],Ac3,,
2192,,,,,,
2193,,65731,w[1118]; PBac{w[+mC]=IT.GAL4}CG4362[2193-G4],CG4362,,
2194,,65732,w[1118]; PBac{w[+mC]=IT.GAL4}CG15084[2194-G4],CG15084,,
3013,,77634,w[1118]; PBac{w[+mC]=IT.GAL4}wde[3013-G4],wde,,
4001,,,,,,
4002,,77635,w[1118]; PBac{w[+mC]=IT.GAL4}cg[4002-G4],cg,,
4003,,,,,,
4004,,,,,,
4005,,,,,,
4006,,77636,w[1118]; PBac{w[+mC]=IT.GAL4}CG9932[4006-G4]/CyO,CG9932,,
4007,,,,,,
4008,,,,,,
4009,,,,,,
4010,,,,,,
4011,,,,,,
4012,,,,,,
4013,,,,,,
4014,,,,,,
4015,,,,,,
4016,,77637,w[1118]; PBac{w[+mC]=IT.GAL4}EcR[4016-G4]/CyO,EcR,,
4017,,77638,w[1118]; PBac{w[+mC]=IT.GAL4}oaf[4017-G4],oaf,,
4018,,77639,"w[1118]; PBac{w[+mC]=IT.GAL4}Kap-alpha1[4018-G4]/TM6B, Tb[1]",Kap-alpha1,,
4019,,,,,,
4020,,77640,w[1118]; PBac{w[+mC]=IT.GAL4}Sans[4020-G4] CG30487[4020-G4],Sans,,
4021,,77641,w[1118]; PBac{w[+mC]=IT.GAL4}tau[4021-G4],tau,,
4022,,,,,,
4023,,77642,w[1118]; PBac{w[+mC]=IT.GAL4}lncRNA:CR43174[4023-G4],lncRNA:CR43174,,
4024,,77643,"w[1118]; PBac{w[+mC]=IT.GAL4}fray[4024-G4] CG7694[4024-G4]/TM6B, Tb[1]",fray,,
4025,,77644,w[1118]; PBac{w[+mC]=IT.GAL4}Phb1[4025-G4]/CyO,Phb1,,
4026,,,,,,
4027,,77645,w[1118]; PBac{w[+mC]=IT.GAL4}Su(var)2-1[4027-G4]/CyO,Su(var)2-1,,
4028,,77646,w[1118]; PBac{w[+mC]=IT.GAL4}4028-G4,,msopa,
4029,,77647,"w[1118]; PBac{w[+mC]=IT.GAL4}fray[4029-G4] CG7694[4029-G4]/TM6B, Tb[1]",CG7694,,
4030,,,,,,
4031,,77648,w[1118]; PBac{w[+mC]=IT.GAL4}CG31267[4031-G4],CG31267,,
4032,,,,,,
4033,,77649,w[1118]; PBac{w[+mC]=IT.GAL4}bru2[4033-G4],bru2,,
4034,,,,,,
4035,,,,,,
4036,,,,,,
4037,,77650,w[1118]; PBac{w[+mC]=IT.GAL4}Qsox1[4037-G4]/CyO,Qsox1,,
4038,,,,,,
4039,,77651,w[1118]; PBac{w[+mC]=IT.GAL4}bun[4039-G4]/CyO,bun,,
4040,,,,,,
4041,,77652,w[1118]; PBac{w[+mC]=IT.GAL4}4041-G4/CyO,,kek4,snRNA:U2:34ABb
4042,,77653,w[1118]; PBac{w[+mC]=IT.GAL4}Ctps[4042-G4],Ctps,,
4043,,77654,"w[1118]; PBac{w[+mC]=IT.GAL4}pzg[4043-G4]/TM6B, Tb[1]",pzg,,
4044,,,,,,
4045,,77655,w[1118]; PBac{w[+mC]=IT.GAL4}PolQ[4045-G4],PolQ,,
4046,,77656,w[1118]; PBac{w[+mC]=IT.GAL4}RtGEF[4046-G4]/CyO,RtGEF,,
4047,,77657,w[1118]; PBac{w[+mC]=IT.GAL4}uzip[4047-G4]/CyO,uzip,,
4048,,77658,w[1118]; PBac{w[+mC]=IT.GAL4}Gdi[4048-G4]/CyO,Gdi,,
4049,,77659,w[1118]; PBac{w[+mC]=IT.GAL4}crp[4049-G4]/CyO,crp,,
4050,,,,,,
4051,,,,,,
4052,,77660,w[1118]; PBac{w[+mC]=IT.GAL4}CG46385[4052-G4],CG46385,,
4053,,,,,,
4054,,,,,,
4055,,77661,w[1118]; PBac{w[+mC]=IT.GAL4}mRpL54[4055-G4],mRpL54,,
4056,,77662,w[1118]; PBac{w[+mC]=IT.GAL4}simj[4056-G4],simj,,
4057,,77663,w[1118]; PBac{w[+mC]=IT.GAL4}4057-G4,,lmd,CG13833
4058,,77664,w[1118]; PBac{w[+mC]=IT.GAL4}CG14073[4058-G4],CG14073,,
4059,,,,,,
4060,,77665,w[1118]; PBac{w[+mC]=IT.GAL4}GstS1[4060-G4]/CyO,GstS1,,
4061,,77666,w[1118]; PBac{w[+mC]=IT.GAL4}CG32447[4061-G4],CG32447,,
4062,,,,,,
4063,,77667,w[1118]; PBac{w[+mC]=IT.GAL4}CG13917[4063-G4],CG13917,,
4064,,,,,,
4065,,77668,w[1118]; PBac{w[+mC]=IT.GAL4}Atox1[4065-G4],Atox1,,
4066,,77669,w[1118]; PBac{w[+mC]=IT.GAL4}firl[4066-G4],firl,,
4067,,,,,,
4068,,77670,w[1118]; PBac{w[+mC]=IT.GAL4}Socs36E[4068-G4],Socs36E,,
4069,,77671,w[1118]; PBac{w[+mC]=IT.GAL4}pum[4069-G4] lncRNA:CR45196[4069-G4],pum,,
4070,,,,,,
4071,,77672,w[1118]; PBac{w[+mC]=IT.GAL4}Trmt2a[4071-G4],Trmt2a,,
4072,,77673,w[1118]; PBac{w[+mC]=IT.GAL4}CG15098[4072-G4],CG15098,,
4073,,,,,,
4074,,,,,,
4075,,77674,w[1118]; PBac{w[+mC]=IT.GAL4}mub[4075-G4],mub,,
4076,,77675,w[1118]; PBac{w[+mC]=IT.GAL4}CG6984[4076-G4],CG6984,,
4077,,77676,w[1118]; PBac{w[+mC]=IT.GAL4}Reph[4077-G4],Reph,,
4078,,,,,,
4079,,,,,,
4080,,,,,,
4081,,,,,,
4082,,,,,,
4083,,,,,,
4084,,,,,,
4085,,,,,,
4086,,,,,,
4087,,,,,,
4088,,,,,,
4089,,,,,,
4090,,,,,,
4091,,,,,,
4092,,,,,,
4093,,77677,"w[1118]; PBac{w[+mC]=IT.GAL4}Ero1L[4093-G4]/TM6B, Tb[1]",Ero1L,,
4094,,77678,w[1118]; PBac{w[+mC]=IT.GAL4}FoxK[4094-G4],FoxK,,
4095,,,,,,
4096,,,,,,
4097,,77679,w[1118]; PBac{w[+mC]=IT.GAL4}mir-2498[4097-G4],mir-2498,,
4098,,,,,,
4099,,77680,w[1118]; PBac{w[+mC]=IT.GAL4}Uch[4099-G4],Uch,,
4100,,,,,,
4101,,77681,w[1118]; PBac{w[+mC]=IT.GAL4}4101-G4/CyO,,lncRNA:CR44578,Acp26Ab
4102,,77682,w[1118]; PBac{w[+mC]=IT.GAL4}brwl[4102-G4],brwl,,
4103,,,,,,
4104,,,,,,
4105,,,,,,
4106,,,,,,
4107,,,,,,
4108,,77683,w[1118]; PBac{w[+mC]=IT.GAL4}cher[4108-G4],cher,,
4109,,77684,w[1118]; PBac{w[+mC]=IT.GAL4}Pli[4109-G4],Pli,,
5000,,77685,w[1118]; PBac{w[+mC]=IT.GAL4}raw[5000-G4],raw,,
5001,,77686,w[1118]; PBac{w[+mC]=IT.GAL4}cnc[5001-G4],cnc,,
5012,,77687,"w[1118]; PBac{w[+mC]=IT.GAL4}5012-G4/TM6B, Tb[1]",,tRNA:Thr-CGT-1-2,tRNA:Thr-CGT-1-3
6105,,77688,w[1118]; PBac{w[+mC]=IT.GAL4}Sams[6105-G4],Sams,,
6111,,77689,w[1118]; PBac{w[+mC]=IT.GAL4}6111-G4,,,ths
6115,,77690,w[1118]; PBac{w[+mC]=IT.GAL4}Src42A[6115-G4],Src42A,,
